year,quarter,cik,accession,company_name,form_type,date_filed,contract_link,exhibit,exhibit_lead,content_type,label,parties,parties_raw,image_count,ocr_labeled,amend,restate,joinder,termination,archive_name
2003,QTR2,1000753,000095012903002721,ADMINISTAFF INC  DE ,10-Q,2003-05-14,https://mcc.law.stanford.edu/data/1000753/000095012903002721/h05862exv10w1.txt,EX-10.1,EX-10,text/plain,services,"[""administaff inc de"",""american express travel related services company inc"",""general counsels office"",""world financial center amex tower new york""]","[""administaff inc de"",""american express travel related services company inc"",""american express travel related services inc"",""general counsel's office"",""world financial center amex tower new york""]",0,false,true,false,false,false,1000753/000095012903002721/h05862exv10w1.txt
2002,QTR2,1001082,000095013402004446,ECHOSTAR COMMUNICATIONS CORP,10-Q,2002-05-02,https://mcc.law.stanford.edu/data/1001082/000095013402004446/d96354ex10-4.txt,EX-10.4,EX-10,text/plain,services,"[""echostar communications corp"",""echostar orbital corporation"",""lockheed martin commercial launch services inc""]","[""echostar communications corp"",""echostar orbital corporation"",""lockheed martin commercial launch services inc""]",0,false,true,false,false,false,1001082/000095013402004446/d96354ex10-4.txt
2002,QTR2,1001082,000095013402004446,ECHOSTAR COMMUNICATIONS CORP,10-Q,2002-05-02,https://mcc.law.stanford.edu/data/1001082/000095013402004446/d96354ex10-6.txt,EX-10.6,EX-10,text/plain,services,"[""echostar communications corp"",""echostar satellite corporation"",""echostar technologies corporation"",""thomson multimedia inc""]","[""echostar communications corp"",""echostar satellite corporation"",""echostar technologies corporation"",""thomson multimedia inc""]",0,false,true,false,false,false,1001082/000095013402004446/d96354ex10-6.txt
2002,QTR2,1001082,000095013402004446,ECHOSTAR COMMUNICATIONS CORP,10-Q,2002-05-02,https://mcc.law.stanford.edu/data/1001082/000095013402004446/d96354ex10-7.txt,EX-10.7,EX-10,text/plain,services,"[""echostar communications corp"",""echostar satellite corporation"",""echostar technologies corporation"",""thomson multimedia inc""]","[""echostar communications corp"",""echostar satellite corporation"",""echostar technologies corporation"",""thomson multimedia inc""]",0,false,true,false,false,false,1001082/000095013402004446/d96354ex10-7.txt
2002,QTR2,1001082,000095013402004446,ECHOSTAR COMMUNICATIONS CORP,10-Q,2002-05-02,https://mcc.law.stanford.edu/data/1001082/000095013402004446/d96354ex10-8.txt,EX-10.8,EX-10,text/plain,services,"[""echostar communications corp"",""echostar satellite corporation"",""echostar technologies corporation"",""thomson multimedia inc""]","[""echostar communications corp"",""echostar satellite corporation"",""echostar technologies corporation"",""thomson multimedia inc""]",0,false,true,false,false,false,1001082/000095013402004446/d96354ex10-8.txt
2004,QTR2,1001082,000095013404006764,ECHOSTAR COMMUNICATIONS CORP,10-Q,2004-05-06,https://mcc.law.stanford.edu/data/1001082/000095013404006764/d15062exv10w2.txt,EX-10.2,EX-10,text/plain,services,"[""echostar communications corp"",""echostar satellite corporation"",""ses americom california inc"",""ses americom colorado inc"",""ses americom inc""]","[""echostar communications corp"",""echostar satellite corporation"",""echostar satellite llc"",""ses americom california inc"",""ses americom colorado inc"",""ses americom inc""]",0,false,true,false,false,false,1001082/000095013404006764/d15062exv10w2.txt
2004,QTR2,1001082,000095013404006764,ECHOSTAR COMMUNICATIONS CORP,10-Q,2004-05-06,https://mcc.law.stanford.edu/data/1001082/000095013404006764/d15062exv10w3.txt,EX-10.3,EX-10,text/plain,services,"[""echostar communications corp"",""echostar satellite corporation"",""ses americom california inc"",""ses americom colorado inc"",""ses americom inc""]","[""echostar communications corp"",""echostar satellite ll"",""ses americom california inc"",""ses americom colorado inc"",""ses americom inc""]",0,false,true,false,false,false,1001082/000095013404006764/d15062exv10w3.txt
2004,QTR2,1001082,000095013404006764,ECHOSTAR COMMUNICATIONS CORP,10-Q,2004-05-06,https://mcc.law.stanford.edu/data/1001082/000095013404006764/d15062exv10w5.txt,EX-10.5,EX-10,text/plain,services,"[""charles w ergen"",""echostar communications corp"",""echostar dbs corporation"",""echostar satellite corporation"",""telesat board"",""telesat canada""]","[""charles w ergen"",""echostar communications corp"",""echostar dbs corporation"",""echostar satellite llc"",""telesat board"",""telesat canada""]",0,false,true,false,false,false,1001082/000095013404006764/d15062exv10w5.txt
2004,QTR2,1001604,000100160404000041,EMERITUS CORP WA ,10-Q,2004-05-13,https://mcc.law.stanford.edu/data/1001604/000100160404000041/exhibit105215.txt,EX-10,EX-10,text/plain,services,"[""al investors llc"",""emeritrust"",""emeritus corp wa"",""emeritus corporation"",""emeritus management llc"",""texas manager""]","[""al investors llc"",""emeritrust"",""emeritus corp wa"",""emeritus corporation"",""emeritus management i"",""emeritus management llc"",""texas manager""]",0,false,true,false,false,false,1001604/000100160404000041/exhibit105215.txt
2001,QTR2,1002390,000091205701517510,INSIGNIA SOLUTIONS PLC,10-K/A,2001-05-24,https://mcc.law.stanford.edu/data/1002390/000091205701517510/a2047603zex-10_65.txt,EX-10.65,EX-10,text/plain,services,"[""insignia solutions plc"",""wind river systems inc"",""wrs""]","[""insignia solutions inc"",""insignia solutions plc"",""wind river systems inc"",""wrs""]",0,false,true,false,false,false,1002390/000091205701517510/a2047603zex-10_65.txt
2002,QTR2,1004539,000115697302000310,AIRPLANES LTD,10-K,2002-06-25,https://mcc.law.stanford.edu/data/1004539/000115697302000310/u45023exv10w4.txt,EX-10.4,EX-10,text/plain,services,"[""aerousa inc"",""airplanes holdings limited"",""airplanes ltd"",""airplanes u"",""debis airfinance financial services limited"",""debis airfinance ireland plc airplanes limited"",""us trust corporation""]","[""aerousa inc"",""airplanes holdings limited"",""airplanes ltd"",""airplanes u"",""debis airfinance financial services (ireland) limited"",""debis airfinance ireland plc airplanes limited"",""s trust""]",0,false,true,false,false,false,1004539/000115697302000310/u45023exv10w4.txt
2003,QTR2,1004539,000115697303001015,AIRPLANES LTD,10-K,2003-06-30,https://mcc.law.stanford.edu/data/1004539/000115697303001015/u46196exv10w5.txt,EX-10.5,EX-10,text/plain,services,"[""aerousa inc"",""airplanes ltd"",""airplanes us trust"",""debis airfinance financial services limited"",""debis airfinance ireland plc airplanes limited airplanes holdings limited""]","[""aerousa inc"",""airplanes ltd"",""airplanes us trust"",""debis airfinance financial services (ireland) limited"",""debis airfinance ireland plc airplanes limited airplanes holdings limited""]",0,false,true,false,false,false,1004539/000115697303001015/u46196exv10w5.txt
2003,QTR2,1004960,000089161803002553,CONNETICS CORP,10-Q,2003-05-14,https://mcc.law.stanford.edu/data/1004960/000089161803002553/f89543exv10w1.txt,EX-10.1,EX-10,text/plain,services,"[""apg"",""connetics corp"",""connetics corporation""]","[""apg"",""connetics corp"",""connetics corporation""]",0,false,true,true,false,false,1004960/000089161803002553/f89543exv10w1.txt
2001,QTR2,1004981,000095015201502579,NATIONAL AUTO CREDIT INC  DE,10-Q,2001-06-14,https://mcc.law.stanford.edu/data/1004981/000095015201502579/l88886aex10-1.txt,EX-10.1,EX-10,text/plain,services,"[""nac"",""national auto credit inc de"",""robert b dixon""]","[""nac"",""national auto credit inc de"",""robert b dixon""]",0,false,true,false,false,false,1004981/000095015201502579/l88886aex10-1.txt
2004,QTR2,1004989,000091068004000548,SPAR GROUP INC,10-Q,2004-05-21,https://mcc.law.stanford.edu/data/1004989/000091068004000548/ex10_1-f10q033104.txt,EX-10,EX-10,text/plain,services,"[""sms"",""spar group inc"",""spar marketing force inc"",""spar marketing services inc""]","[""sms"",""spar group inc"",""spar marketing force inc"",""spar marketing services inc""]",0,false,true,true,false,false,1004989/000091068004000548/ex10_1-f10q033104.txt
2004,QTR2,1004989,000091068004000548,SPAR GROUP INC,10-Q,2004-05-21,https://mcc.law.stanford.edu/data/1004989/000091068004000548/ex10_2-f10q033104.txt,EX-10,EX-10,text/plain,services,"[""spar group inc"",""spar management services inc"",""spar marketing force inc"",""spar marketing services inc""]","[""smsi"",""spar group inc"",""spar management services inc"",""spar marketing force inc"",""spar marketing services inc""]",0,false,true,true,false,false,1004989/000091068004000548/ex10_2-f10q033104.txt
2004,QTR2,1004989,000091068004000548,SPAR GROUP INC,10-Q,2004-05-21,https://mcc.law.stanford.edu/data/1004989/000091068004000548/ex10_3-f10q033104.txt,EX-10,EX-10,text/plain,services,"[""sit"",""spar group inc"",""spar infotech inc"",""spar marketing force inc""]","[""sit"",""spar group inc"",""spar infotech inc"",""spar marketing force inc""]",0,false,true,true,false,false,1004989/000091068004000548/ex10_3-f10q033104.txt
2005,QTR2,1006655,000114420405014795,NATURAL GAS SYSTEMS INC NEW,8-K,2005-05-11,https://mcc.law.stanford.edu/data/1006655/000114420405014795/v017890_amend.txt,EX-10.3,EX-10,text/plain,services,"[""liviakis financial communications inc"",""natural gas systems inc new""]","[""liviakis financial communications inc"",""natural gas systems inc new""]",0,false,true,false,false,false,1006655/000114420405014795/v017890_amend.txt
2002,QTR2,1008586,000095015202004664,LANVISION SYSTEMS INC,10-Q,2002-06-04,https://mcc.law.stanford.edu/data/1008586/000095015202004664/l94710aexv10.txt,EX-10,EX-10,text/plain,services,"[""idx information systems corporation"",""lanvision inc"",""lanvision systems inc""]","[""idx information systems corporation"",""lanvision inc"",""lanvision systems inc""]",0,false,true,false,false,false,1008586/000095015202004664/l94710aexv10.txt
2001,QTR2,1009575,000095014401502476,WEBMD CORP  NEW ,10-Q,2001-05-15,https://mcc.law.stanford.edu/data/1009575/000095014401502476/g69184ex10-2.txt,EX-10.2,EX-10,text/plain,services,"[""eastrise profits limited"",""fox entertainment group inc"",""star"",""webmd corp new"",""webmd corporation""]","[""eastrise profits limited"",""fox entertainment group inc"",""star"",""webmd corp new"",""webmd corporation""]",0,false,true,false,false,false,1009575/000095014401502476/g69184ex10-2.txt
2002,QTR2,1009626,000089161802002631,BROCADE COMMUNICATIONS SYSTEMS INC,10-Q,2002-05-30,https://mcc.law.stanford.edu/data/1009626/000089161802002631/f82034exv10w4.txt,EX-10.4,EX-10,text/plain,services,"[""brocade communications systems inc"",""patrick johnston""]","[""brocade communications systems inc"",""patrick johnston""]",0,false,true,false,false,false,1009626/000089161802002631/f82034exv10w4.txt
2003,QTR2,1009626,000089161803002911,BROCADE COMMUNICATIONS SYSTEMS INC,10-Q,2003-06-09,https://mcc.law.stanford.edu/data/1009626/000089161803002911/f90751exv10w50.txt,EX-10.50,EX-10,text/plain,services,"[""brocade communications systems inc"",""hon hai precision industry co ltd""]","[""brocade communications systems inc"",""hon hai precision industry co ltd""]",0,false,true,false,false,false,1009626/000089161803002911/f90751exv10w50.txt
2003,QTR2,1009626,000089161803002911,BROCADE COMMUNICATIONS SYSTEMS INC,10-Q,2003-06-09,https://mcc.law.stanford.edu/data/1009626/000089161803002911/f90751exv10w53.txt,EX-10.53,EX-10,text/plain,services,"[""brocade communications systems inc"",""solectron corporation""]","[""brocade communications systems inc"",""solectron corporation""]",0,false,true,false,false,false,1009626/000089161803002911/f90751exv10w53.txt
2001,QTR2,1009918,000093176301000723,NOVA CORP  GA ,10-K,2001-04-02,https://mcc.law.stanford.edu/data/1009918/000093176301000723/0000931763-01-000723-0003.txt,EX-10.22,EX-10,text/plain,services,"[""first union corporation"",""first union national bank"",""func"",""nova corp ga"",""nova corporation"",""nova holdings llc"",""nova information systems inc""]","[""first union corporation"",""first union national bank"",""funb"",""func"",""nova corp ga"",""nova corporation"",""nova holdings inc"",""nova information systems inc""]",0,false,true,false,false,false,1009918/000093176301000723/0000931763-01-000723-0003.txt
2000,QTR2,1010915,000095000500000756,MICROCIDE PHARMACEUTICALS INC,10-Q/A,2000-06-19,https://mcc.law.stanford.edu/data/1010915/000095000500000756/0000950005-00-000756-0002.txt,EX-10.29,EX-10,text/plain,services,"[""daiichi pharmaceutical co ltd"",""microcide pharmaceuticals inc"",""mpi""]","[""daiichi pharmaceutical co ltd"",""microcide pharmaceuticals inc"",""mpi""]",0,false,true,false,false,false,1010915/000095000500000756/0000950005-00-000756-0002.txt
2000,QTR2,1010915,000095000500000756,MICROCIDE PHARMACEUTICALS INC,10-Q/A,2000-06-19,https://mcc.law.stanford.edu/data/1010915/000095000500000756/0000950005-00-000756-0003.txt,EX-10.30,EX-10,text/plain,services,"[""microcide pharmaceuticals inc"",""pfizer inc""]","[""microcide pharmaceuticals inc"",""pfizer inc""]",0,false,true,false,false,false,1010915/000095000500000756/0000950005-00-000756-0003.txt
2002,QTR2,1010915,000102140802006983,ESSENTIAL THERAPEUTICS INC,10-Q,2002-05-15,https://mcc.law.stanford.edu/data/1010915/000102140802006983/dex103.txt,EX-10.3,EX-10,text/plain,services,"[""essential therapeutics inc"",""maret corporation"",""university of southern california""]","[""essential therapeutics inc"",""maret corporation"",""university of southern california""]",0,false,true,false,false,false,1010915/000102140802006983/dex103.txt
2002,QTR2,1010915,000102140802006983,ESSENTIAL THERAPEUTICS INC,10-Q,2002-05-15,https://mcc.law.stanford.edu/data/1010915/000102140802006983/dex104.txt,EX-10.4,EX-10,text/plain,services,"[""essential therapeutics inc"",""maret corporation"",""university of southern california""]","[""essential therapeutics inc"",""maret corporation"",""university of southern california""]",0,false,true,false,false,false,1010915/000102140802006983/dex104.txt
2002,QTR2,1010915,000102140802006983,ESSENTIAL THERAPEUTICS INC,10-Q,2002-05-15,https://mcc.law.stanford.edu/data/1010915/000102140802006983/dex105.txt,EX-10.5,EX-10,text/plain,services,"[""essential therapeutics inc"",""maret corporation"",""university of southern california""]","[""essential therapeutics inc"",""maret corporation"",""university of southern california""]",0,false,true,false,false,false,1010915/000102140802006983/dex105.txt
2001,QTR2,1011582,000095013301501179,DIGENE CORP,10-Q,2001-05-15,https://mcc.law.stanford.edu/data/1011582/000095013301501179/w47960ex10-2a.txt,EX-10.2(A),EX-10,text/plain,services,"[""digene corp"",""digene corporation"",""tropix inc""]","[""digene corp"",""digene corporation"",""tropix inc""]",0,false,true,false,false,false,1011582/000095013301501179/w47960ex10-2a.txt
2001,QTR2,1011582,000095013301501179,DIGENE CORP,10-Q,2001-05-15,https://mcc.law.stanford.edu/data/1011582/000095013301501179/w47960ex10-2b.txt,EX-10.2(B),EX-10,text/plain,services,"[""digene corp"",""digene corporation"",""tropix inc""]","[""digene corp"",""digene corporation"",""tropix inc""]",0,false,true,false,false,false,1011582/000095013301501179/w47960ex10-2b.txt
2002,QTR2,1011657,000101165702000014,TITANIUM METALS CORP,10-Q,2002-05-14,https://mcc.law.stanford.edu/data/1011657/000101165702000014/tie10q1q01exhibit10-2.txt,EX-10,EX-10,text/plain,services,"[""timet"",""titanium metals corporation"",""tremont corporation""]","[""timet"",""titanium metals corp"",""titanium metals corporation"",""tremont corporation""]",0,false,true,false,false,false,1011657/000101165702000014/tie10q1q01exhibit10-2.txt
2001,QTR2,1012159,000102140801501800,AVIATION SALES CO,8-K,2001-06-08,https://mcc.law.stanford.edu/data/1012159/000102140801501800/dex107.txt,EX-10.7,EX-10,text/plain,services,"[""aviation sales co"",""aviation sales company"",""harber group"",""lacy j harber"",""ljh corporation""]","[""aviation sales co"",""aviation sales company"",""harber group"",""lacy j harber"",""ljh corporation""]",0,false,true,false,false,false,1012159/000102140801501800/dex107.txt
2004,QTR2,1013243,000095014404006287,AAIPHARMA INC,10-K,2004-06-15,https://mcc.law.stanford.edu/data/1013243/000095014404006287/g87794exv10w23.txt,EX-10.23,EX-10,text/plain,services,"[""aaipharma inc"",""mikart inc""]","[""aaipharma inc"",""mikart inc""]",0,false,true,false,false,false,1013243/000095014404006287/g87794exv10w23.txt
2001,QTR2,1014473,000101287001501081,VERISIGN INC CA,8-K,2001-06-01,https://mcc.law.stanford.edu/data/1014473/000101287001501081/dex996.txt,EX-99.6,EX-99,text/plain,services,"[""network solutions inc"",""nsi"",""verisign inc ca""]","[""network solutions inc"",""nsi"",""verisign inc ca""]",0,false,true,false,false,false,1014473/000101287001501081/dex996.txt
2001,QTR2,1014852,000092735601500163,EARTHWATCH INC,10-Q,2001-05-15,https://mcc.law.stanford.edu/data/1014852/000092735601500163/dex1012a.txt,EX-10.12(A),EX-10,text/plain,services,"[""delta launch services inc"",""dls"",""earthwatch inc""]","[""delta launch services inc"",""dls"",""earthwatch inc""]",0,false,true,false,false,false,1014852/000092735601500163/dex1012a.txt
2001,QTR2,1015155,000092838501500737,CHARLES   COLVARD LTD,10-Q,2001-05-09,https://mcc.law.stanford.edu/data/1015155/000092838501500737/dex1046.txt,EX-10.46,EX-10,text/plain,services,"[""c3 inc"",""charles and colvard ltd"",""charles colvard ltd"",""jmb"",""john m bachman inc""]","[""c3 inc"",""charles and colvard ltd"",""charles colvard ltd"",""jmb"",""john m bachman inc""]",0,false,true,false,false,false,1015155/000092838501500737/dex1046.txt
2002,QTR2,1015155,000102140802006418,CHARLES   COLVARD LTD,10-Q,2002-05-09,https://mcc.law.stanford.edu/data/1015155/000102140802006418/dex1052.txt,EX-10.52,EX-10,text/plain,services,"[""c3 inc"",""charles and colvard ltd"",""charles colvard ltd"",""jmb"",""john m bachman inc""]","[""c3 inc"",""charles and colvard ltd"",""charles colvard ltd"",""jmb"",""john m bachman inc""]",0,false,true,false,false,false,1015155/000102140802006418/dex1052.txt
2003,QTR2,1015650,000114554903000647,SK TELECOM CO LTD,20-F,2003-06-03,https://mcc.law.stanford.edu/data/1015650/000114554903000647/u98524exv10w6.txt,EX-10.6,EX-10,text/plain,services,"[""sk telecom co ltd""]","[""sk telecom co ltd""]",0,false,true,false,false,false,1015650/000114554903000647/u98524exv10w6.txt
2007,QTR2,1016613,000089109207001237,LQ CORP INC,10-K,2007-04-02,https://mcc.law.stanford.edu/data/1016613/000089109207001237/e26785ex10_11.txt,EX-10.11,EX-10,text/plain,services,"[""barington capital group lp"",""bcg"",""lkq corporation"",""lq corp inc""]","[""barington capital group lp"",""bcg"",""l q corporation inc"",""lq corp inc""]",0,false,true,false,false,false,1016613/000089109207001237/e26785ex10_11.txt
2006,QTR2,1016613,000112528206002841,LQ CORP INC,10-Q,2006-05-15,https://mcc.law.stanford.edu/data/1016613/000112528206002841/b413299_ex10-86.txt,EX-10.86,EX-10,text/plain,services,"[""barington capital group lp"",""bcg"",""lkq corporation"",""lq corp inc""]","[""barington capital group lp"",""bcg"",""l q corporation inc"",""lq corp inc""]",0,false,true,false,false,false,1016613/000112528206002841/b413299_ex10-86.txt
2006,QTR2,1016613,000112528206002943,LQ CORP INC,10-Q/A,2006-05-18,https://mcc.law.stanford.edu/data/1016613/000112528206002943/b413377_ex10-86.txt,EX-10.86,EX-10,text/plain,services,"[""barington capital group lp"",""bcg"",""lkq corporation"",""lq corp inc""]","[""barington capital group lp"",""bcg"",""l q corporation inc"",""lq corp inc""]",0,false,true,false,false,false,1016613/000112528206002943/b413377_ex10-86.txt
2006,QTR2,1016613,000112528206002957,LQ CORP INC,10-Q/A,2006-05-19,https://mcc.law.stanford.edu/data/1016613/000112528206002957/b413406_ex10-86.txt,EX-10.86,EX-10,text/plain,services,"[""barington capital group lp"",""bcg"",""lkq corporation"",""lq corp inc""]","[""barington capital group lp"",""bcg"",""l q corporation inc"",""lq corp inc""]",0,false,true,false,false,false,1016613/000112528206002957/b413406_ex10-86.txt
2004,QTR2,1016933,000095014404005135,R G FINANCIAL CORP,10-Q,2004-05-10,https://mcc.law.stanford.edu/data/1016933/000095014404005135/g88967exv10w3w1.txt,EX-10.3.1,EX-10,text/plain,services,"[""commonwealth of puerto rico"",""guaynabo federal savings bank"",""r-g financial corporation"",""randg mortgage corporation"",""randg premier bank of puerto rico""]","[""commonwealth of puerto rico"",""guaynabo federal savings bank"",""r g financial corp"",""randg mortgage corp"",""randg premier bank of puerto rico""]",0,false,true,false,false,false,1016933/000095014404005135/g88967exv10w3w1.txt
2003,QTR2,1017837,000111650203000666,PHONE1GLOBALWIDE INC,8-K,2003-04-15,https://mcc.law.stanford.edu/data/1017837/000111650203000666/firstamend101.txt,EX-10.1,EX-10,text/plain,services,"[""pacific bell telephone company"",""phone1 inc"",""phone1globalwide inc"",""sbc california"",""sbc pay phones"",""sbc services inc""]","[""pacific bell telephone company"",""phone1 inc"",""phone1globalwide inc"",""sbc california"",""sbc pay phones"",""sbc services inc""]",0,false,true,false,false,false,1017837/000111650203000666/firstamend101.txt
2002,QTR2,1017958,000093066102001634,RMH TELESERVICES INC,10-K/A,2002-05-13,https://mcc.law.stanford.edu/data/1017958/000093066102001634/dex1042.txt,EX-10.42,EX-10,text/plain,services,"[""rmh teleservices inc"",""united parcel services oasis supply corporation"",""ups""]","[""rmh teleservices inc"",""rmh teleservices incorporated"",""united parcel services oasis supply corporation"",""ups""]",0,false,true,false,false,false,1017958/000093066102001634/dex1042.txt
2002,QTR2,1017958,000093066102001634,RMH TELESERVICES INC,10-K/A,2002-05-13,https://mcc.law.stanford.edu/data/1017958/000093066102001634/dex1045.txt,EX-10.45,EX-10,text/plain,services,"[""mci worldcom communications inc"",""rmh teleservices inc""]","[""mci worldcom communications inc"",""rmh teleservices inc"",""rmh teleservices incorporated""]",0,false,true,false,false,false,1017958/000093066102001634/dex1045.txt
2002,QTR2,1018152,000089924302001126,CASTLE DENTAL CENTERS INC,10-K,2002-04-16,https://mcc.law.stanford.edu/data/1018152/000089924302001126/dex105.txt,EX-10.5,EX-10,text/plain,services,"[""business manager"",""castle 1st dental care pa"",""castle dental centers inc"",""castle dental centers of florida inc""]","[""business manager"",""castle 1st dental care pa"",""castle dental centers inc"",""castle dental centers of florida inc""]",0,false,true,true,false,false,1018152/000089924302001126/dex105.txt
2003,QTR2,1018152,000089924303000891,CASTLE DENTAL CENTERS INC,10-K,2003-04-15,https://mcc.law.stanford.edu/data/1018152/000089924303000891/dex1016.txt,EX-10.16,EX-10,text/plain,services,"[""business manager"",""castle dental associates of texas pc"",""castle dental centers inc"",""castle dental centers of texas inc"",""jack h castle dds pc""]","[""business manager"",""castle dental associates of texas pc"",""castle dental centers inc"",""castle dental centers of texas inc"",""jack h castle dds pc""]",0,false,true,true,false,false,1018152/000089924303000891/dex1016.txt
2003,QTR2,1018152,000089924303000891,CASTLE DENTAL CENTERS INC,10-K,2003-04-15,https://mcc.law.stanford.edu/data/1018152/000089924303000891/dex1017.txt,EX-10.17,EX-10,text/plain,services,"[""castle 1st dental care pa"",""castle dental centers inc"",""castle dental centers of florida inc""]","[""castle 1st dental care pa"",""castle dental centers inc"",""castle dental centers of florida inc""]",0,false,true,true,false,false,1018152/000089924303000891/dex1017.txt
2001,QTR2,1019695,000095013501501238,ARQULE INC,10-Q,2001-05-14,https://mcc.law.stanford.edu/data/1019695/000095013501501238/b39224aiex10-1.txt,EX-10.1,EX-10,text/plain,services,"[""arqule inc"",""solvay pharmaceuticals inc""]","[""arqule inc"",""solvay pharmaceuticals bv""]",0,false,true,true,false,false,1019695/000095013501501238/b39224aiex10-1.txt
2001,QTR2,1021352,000095013401501430,JCC HOLDING CO,10-K/A,2001-05-10,https://mcc.law.stanford.edu/data/1021352/000095013401501430/d85930ex10-02.txt,EX-10.02,EX-10,text/plain,services,"[""gaming board"",""jazz cas"",""jcc holding co"",""louisiana gaming control board""]","[""gaming board"",""jazz cas"",""jcc holding co"",""louisiana gaming control board""]",0,false,true,false,false,false,1021352/000095013401501430/d85930ex10-02.txt
2001,QTR2,1021352,000095013401501430,JCC HOLDING CO,10-K/A,2001-05-10,https://mcc.law.stanford.edu/data/1021352/000095013401501430/d85930ex10-03.txt,EX-10.03,EX-10,text/plain,services,"[""gaming board"",""jazz casino company llc"",""jcc holding co"",""louisiana gaming control board""]","[""gaming board"",""jazz casino company l"",""jcc holding co"",""louisiana gaming control board""]",0,false,true,true,false,false,1021352/000095013401501430/d85930ex10-03.txt
2001,QTR2,1021352,000095013401501430,JCC HOLDING CO,10-K/A,2001-05-10,https://mcc.law.stanford.edu/data/1021352/000095013401501430/d85930ex10-04.txt,EX-10.04,EX-10,text/plain,services,"[""harrahs new orleans management company"",""jazz casino company llc"",""jcc holding co""]","[""harrah's new orleans management company"",""jazz casino company llc"",""jcc holding co""]",0,false,true,true,false,false,1021352/000095013401501430/d85930ex10-04.txt
2001,QTR2,1021352,000095013401501430,JCC HOLDING CO,10-K/A,2001-05-10,https://mcc.law.stanford.edu/data/1021352/000095013401501430/d85930ex10-05.txt,EX-10.05,EX-10,text/plain,services,"[""harrahs entertainment inc"",""harrahs operating company inc"",""het"",""jazz casino company llc"",""jcc holding co"",""jcc holding company""]","[""harrah's entertainment inc"",""harrah's operating company inc"",""het"",""hoci"",""jazz casino company llc"",""jcc holding co"",""jcc holding company""]",0,false,true,true,false,false,1021352/000095013401501430/d85930ex10-05.txt
2011,QTR2,102198,000136086511000063,COMPETITIVE TECHNOLOGIES INC,8-K,2011-05-04,https://mcc.law.stanford.edu/data/102198/000136086511000063/cttc8kmay42011x10-3.txt,EX-10.3,EX-10,text/plain,services,"[""chalmers"",""competitive technologies inc"",""miller"",""spero pain relief therapy inc""]","[""chalmers"",""competitive technologies inc"",""miller"",""spero pain relief therapy inc"",""spero pain relief therapy llc""]",0,false,true,false,false,false,102198/000136086511000063/cttc8kmay42011x10-3.txt
2011,QTR2,102198,000136086511000081,COMPETITIVE TECHNOLOGIES INC,8-K,2011-05-31,https://mcc.law.stanford.edu/data/102198/000136086511000081/cttc8kmarineox10-1.txt,EX-10.1,EX-10,text/plain,services,"[""competitive technologies inc"",""delta research and development"",""giuseppe marineo""]","[""competitive technologies inc"",""delta research and development"",""giuseppe marineo""]",0,false,true,true,false,false,102198/000136086511000081/cttc8kmarineox10-1.txt
2002,QTR2,1024096,000089322002000620,BALANCED CARE CORP,10-Q,2002-05-10,https://mcc.law.stanford.edu/data/1024096/000089322002000620/w60386ex10-21.txt,EX-10.21,EX-10,text/plain,services,"[""balanced care corp"",""balanced care tenant inc"",""meditrust acquisition company ii llc""]","[""balanced care corp"",""balanced care tenant (mt) inc"",""meditrust acquisition company ii llc""]",0,false,true,true,false,false,1024096/000089322002000620/w60386ex10-21.txt
2002,QTR2,1024096,000089322002000620,BALANCED CARE CORP,10-Q,2002-05-10,https://mcc.law.stanford.edu/data/1024096/000089322002000620/w60386ex10-22.txt,EX-10.22,EX-10,text/plain,services,"[""balanced care corp"",""chippewa inc""]","[""balanced care corp"",""chippewa inc""]",0,false,true,true,false,false,1024096/000089322002000620/w60386ex10-22.txt
2001,QTR2,1027702,000091205701506515,EPIX MEDICAL INC,10-K,2001-04-02,https://mcc.law.stanford.edu/data/1027702/000091205701506515/a2042769zex-10_33.txt,EX-10.33,EX-10,text/plain,services,"[""epix medical inc"",""schering aktiengesellschaft""]","[""epix medical inc"",""schering aktiengesellschaft""]",0,false,true,false,false,false,1027702/000091205701506515/a2042769zex-10_33.txt
2001,QTR2,1028911,000102891101500012,WATERFORD GAMING LLC,10-Q,2001-05-14,https://mcc.law.stanford.edu/data/1028911/000102891101500012/exhibit.txt,EX-10,EX-10,text/plain,services,"[""mohegan tribal gaming authority"",""mohegan tribe of indians of connecticut"",""tca"",""waterford gaming llc""]","[""mohegan tribal gaming authority"",""mohegan tribe of indians of connecticut"",""mtga"",""tca"",""waterford gaming llc""]",0,false,true,true,false,true,1028911/000102891101500012/exhibit.txt
2001,QTR2,1029893,000103605001500456,RADNOR HOLDINGS CORP,10-Q,2001-05-04,https://mcc.law.stanford.edu/data/1029893/000103605001500456/dex101.txt,EX-10.1,EX-10,text/plain,services,"[""chevron chemical company llc"",""chevron phillips chemical co llc"",""cpc"",""radnor chemical corporation"",""radnor holdings corp"",""rcc"",""styrochem canada ltd"",""styrochem us ltd""]","[""chevron chemical company llc"",""chevron phillips chemical company lp"",""cpc"",""radnor chemical corporation"",""radnor holdings corp"",""rcc"",""styrochem canada ltd"",""styrochem us ltd""]",0,false,true,false,false,false,1029893/000103605001500456/dex101.txt
2001,QTR2,1031029,000095013401501721,STARTEK INC,10-Q,2001-05-14,https://mcc.law.stanford.edu/data/1031029/000095013401501721/d86943ex10-31.txt,EX-10.31,EX-10,text/plain,services,"[""mentor media pte ltd"",""microsoft corporation"",""startek inc"",""startek pacific inc""]","[""mentor media ltd"",""microsoft corporation"",""startek inc"",""startek pacific inc"",""startek pacific ltd""]",0,false,true,false,false,false,1031029/000095013401501721/d86943ex10-31.txt
2001,QTR2,1031029,000095013401501721,STARTEK INC,10-Q,2001-05-14,https://mcc.law.stanford.edu/data/1031029/000095013401501721/d86943ex10-32.txt,EX-10.32,EX-10,text/plain,services,"[""microsoft corporation"",""microsoft operations pte ltd"",""startek inc""]","[""microsoft corporation"",""microsoft operations pte ltd"",""mo"",""startek inc""]",0,false,true,false,false,false,1031029/000095013401501721/d86943ex10-32.txt
2001,QTR2,1031754,000109581101501557,WHEREHOUSE ENTERTAINMENT INC  NEW ,10-K,2001-04-27,https://mcc.law.stanford.edu/data/1031754/000109581101501557/a71859ex10-35.txt,EX-10.35,EX-10,text/plain,services,"[""aandm investment associates #3 llc"",""alvarez and marsal llc"",""antonio c alvarez"",""wherehouse entertainment inc new""]","[""aandm investment associates #3 llc"",""alvarez and marsal inc"",""antonio c alvarez"",""wherehouse entertainment inc new""]",0,false,true,false,false,false,1031754/000109581101501557/a71859ex10-35.txt
2003,QTR2,1035632,000114420403001820,WATLEY A B GROUP INC,10-K,2003-04-16,https://mcc.law.stanford.edu/data/1035632/000114420403001820/doc9.txt,EX-10.46,EX-10,text/plain,services,"[""ab watley inc"",""correspondent"",""penson financial services inc"",""watley a b group inc""]","[""ab watley inc"",""correspondent"",""penson financial services inc"",""watley a b group inc""]",0,false,true,false,false,false,1035632/000114420403001820/doc9.txt
2002,QTR2,1035688,000089322002000648,SELECT MEDICAL CORP,10-Q,2002-05-15,https://mcc.law.stanford.edu/data/1035688/000089322002000648/w60546ex10-2.txt,EX-10.2,EX-10,text/plain,services,"[""select air ii corporation"",""select medical corporation"",""select transport inc""]","[""select air ii corporation"",""select medical corp"",""select medical corporation"",""select transport inc""]",0,false,true,false,false,false,1035688/000089322002000648/w60546ex10-2.txt
2004,QTR2,1035748,000089161804001003,CALLIDUS SOFTWARE INC,10-Q,2004-05-14,https://mcc.law.stanford.edu/data/1035748/000089161804001003/f98448exv10w2w1.txt,EX-10.2.1,EX-10,text/plain,services,"[""callidus software inc"",""cezanne software inc""]","[""callidus software inc"",""cezanne software inc""]",0,false,true,false,false,false,1035748/000089161804001003/f98448exv10w2w1.txt
2004,QTR2,1035884,000089534504000414,COMMSCOPE INC,8-K,2004-06-15,https://mcc.law.stanford.edu/data/1035884/000089534504000414/lhex10_3.txt,EX-10.3,EX-10,text/plain,services,"[""commscope inc"",""commscope optical technologies inc"",""furukawa electric co ltd""]","[""commscope inc"",""commscope optical technologies inc"",""furukawa electric co ltd""]",0,false,true,true,false,false,1035884/000089534504000414/lhex10_3.txt
2002,QTR2,1038133,000103813302000011,HESKA CORP,10-K,2002-04-01,https://mcc.law.stanford.edu/data/1038133/000103813302000011/ex10istat.txt,EX-10,EX-10,text/plain,services,"[""heska corp"",""heska corporation"",""i-stat corporation""]","[""heska corp"",""heska corporation"",""i-stat corporation""]",0,false,true,true,false,false,1038133/000103813302000011/ex10istat.txt
2002,QTR2,1038133,000103813302000011,HESKA CORP,10-K,2002-04-01,https://mcc.law.stanford.edu/data/1038133/000103813302000011/ex10qui.txt,EX-10,EX-10,text/plain,services,"[""heska corp"",""heska corporation"",""quidel corporation""]","[""heska corp"",""heska corporation"",""quidel corporation""]",0,false,true,false,false,false,1038133/000103813302000011/ex10qui.txt
2002,QTR2,1038222,000103822202000008,WELLSFORD REAL PROPERTIES INC,10-Q,2002-05-10,https://mcc.law.stanford.edu/data/1038222/000103822202000008/ex10-104.txt,EX-10.104,EX-10,text/plain,services,"[""al feld"",""feld"",""park at highlands llc"",""wellsford park highlands corp"",""wellsford real properties inc""]","[""a feld"",""al feld"",""park at highlands llc"",""wellsford park highlands corp"",""wellsford real properties inc"",""wphc""]",0,false,true,false,false,false,1038222/000103822202000008/ex10-104.txt
2001,QTR2,1038914,000095013401501129,SANTA FE INTERNATIONAL CORP ,10-Q,2001-05-04,https://mcc.law.stanford.edu/data/1038914/000095013401501129/d86674ex10-41.txt,EX-10.41,EX-10,text/plain,services,"[""ppl shipyard pte ltd"",""santa fe international corporation""]","[""ppl shipyard pte ltd"",""santa fe international corp"",""santa fe international corporation"",""sfic""]",0,false,true,false,false,false,1038914/000095013401501129/d86674ex10-41.txt
2003,QTR2,1039184,000089706903000455,TRAILER BRIDGE INC,10-K,2003-04-14,https://mcc.law.stanford.edu/data/1039184/000089706903000455/dkm320a.txt,EX-10,EX-10,text/plain,services,"[""k corp"",""kadampanattu corp"",""trailer bridge inc""]","[""k corp"",""kadampanattu corp"",""trailer bridge inc""]",0,false,true,false,false,false,1039184/000089706903000455/dkm320a.txt
2002,QTR2,1039446,000095012302005307,JUPITER MEDIA METRIX INC,10-Q,2002-05-15,https://mcc.law.stanford.edu/data/1039446/000095012302005307/y60822ex10-7.txt,EX-10.7,EX-10,text/plain,services,"[""jmxi"",""jupiter media metrix inc"",""mmx"",""netratings inc"",""npd group inc""]","[""jmxi"",""jupiter media metrix inc"",""mmx"",""netratings inc"",""npd group inc""]",0,false,true,false,false,false,1039446/000095012302005307/y60822ex10-7.txt
2001,QTR2,1040829,000095014401004631,GAYLORD ENTERTAINMENT CO  DE,10-K,2001-04-02,https://mcc.law.stanford.edu/data/1040829/000095014401004631/g68099ex10-9.txt,EX-10.9,EX-10,text/plain,services,"[""gaylord entertainment co de"",""ohf lp"",""opryland hospitality group"",""opryland hotel-florida limited"",""perinisuitt""]","[""gaylord entertainment co de"",""ohf lp"",""opryland hospitality group d/b/a olh gp"",""opryland hotel - florida lp"",""perini/suitt""]",0,false,true,false,false,false,1040829/000095014401004631/g68099ex10-9.txt
2002,QTR2,1040896,000089109202000468,INTELLI CHECK INC,10-K,2002-04-01,https://mcc.law.stanford.edu/data/1040896/000089109202000468/e13253_ex1015.txt,EX-10.15,EX-10,text/plain,services,"[""aamvanet inc"",""intelli check inc"",""intellicheck inc"",""john e maxwell""]","[""aamvanet inc"",""intelli check inc"",""intelli-check inc"",""john e maxwell""]",0,false,true,false,false,false,1040896/000089109202000468/e13253_ex1015.txt
2001,QTR2,1041454,000091205701506574,UPC POLSKA INC,10-K,2001-04-02,https://mcc.law.stanford.edu/data/1041454/000091205701506574/a2042875zex-10_2.txt,EX-10.2,EX-10,text/plain,services,"[""at entertainment ltd"",""societe europeenne des satellites s"",""upc broadcast centre ltd"",""upc polska inc"",""wizja television limited""]","[""at entertainment ltd"",""societe europeenne des satellites s"",""upc broadcast centre ltd"",""upc polska inc"",""wizja television limited""]",0,false,true,false,false,false,1041454/000091205701506574/a2042875zex-10_2.txt
2001,QTR2,1041954,000092838501000970,ITC DELTACOM INC,10-K,2001-04-02,https://mcc.law.stanford.edu/data/1041954/000092838501000970/0000928385-01-000970-0011.txt,EX-10.49.2,EX-10,text/plain,services,"[""bellsouth telecommunications inc"",""itc deltacom inc"",""itcdeltacom communications inc""]","[""bellsouth telecommunications inc"",""itc deltacom inc"",""itc/\\deltacom communications inc""]",0,false,true,false,false,false,1041954/000092838501000970/0000928385-01-000970-0011.txt
2001,QTR2,1041954,000092838501000970,ITC DELTACOM INC,10-K,2001-04-02,https://mcc.law.stanford.edu/data/1041954/000092838501000970/0000928385-01-000970-0012.txt,EX-10.49.3,EX-10,text/plain,services,"[""bellsouth telecommunications inc"",""itc deltacom inc"",""itcdeltacom communications inc""]","[""bellsouth telecommunications inc"",""itc deltacom inc"",""itc/\\deltacom communications inc""]",0,false,true,false,false,false,1041954/000092838501000970/0000928385-01-000970-0012.txt
2006,QTR2,1042787,000090951806000652,NORTH ATLANTIC TRADING CO INC,8-K,2006-06-28,https://mcc.law.stanford.edu/data/1042787/000090951806000652/mm6-2706_8ke101.txt,EX-10,EX-10,text/plain,services,"[""aandm"",""alvarez and marsal llc"",""north atlantic trading company inc"",""thomas f helms""]","[""aandm"",""alvarez and marsal llc"",""natc"",""north atlantic holding company inc"",""north atlantic trading co inc"",""north atlantic trading company inc"",""thomas f helms""]",0,false,true,false,false,false,1042787/000090951806000652/mm6-2706_8ke101.txt
2000,QTR2,1043497,000095016900000556,CREDITRUST CORP,10-Q,2000-05-30,https://mcc.law.stanford.edu/data/1043497/000095016900000556/0000950169-00-000556-0004.txt,EX-10.3,EX-10,text/plain,services,"[""creditrust corp"",""creditrust corporation"",""creditrust spv99-2 llc"",""norwest bank minnesota""]","[""creditrust corp"",""creditrust corporation"",""creditrust spv99-2 llc"",""national association"",""norwest bank minnesota""]",0,false,true,true,false,false,1043497/000095016900000556/0000950169-00-000556-0004.txt
2001,QTR2,1043946,000089322001000421,VERTICALNET INC,10-K,2001-04-02,https://mcc.law.stanford.edu/data/1043946/000089322001000421/w46798ex10-25.txt,EX-10.25,EX-10,text/plain,services,"[""converge inc"",""ehitex inc"",""tradeum inc"",""verticalnet inc"",""verticalnet solutions"",""vns""]","[""converge inc"",""ehitex inc"",""tradeum inc"",""verticalnet inc"",""verticalnet solutions llc"",""vns""]",0,false,true,false,false,false,1043946/000089322001000421/w46798ex10-25.txt
2001,QTR2,1044583,000095013401501076,WILLIAMS COMMUNICATIONS GROUP INC,8-K,2001-05-03,https://mcc.law.stanford.edu/data/1044583/000095013401501076/d86428ex99-2.txt,EX-99.2,EX-99,text/plain,services,"[""williams communications group inc"",""williams companies inc"",""williams group"",""williams international company""]","[""williams communications group inc"",""williams companies inc"",""williams group"",""williams international company""]",0,false,true,true,false,false,1044583/000095013401501076/d86428ex99-2.txt
2001,QTR2,1044646,000091412101500100,MORGAN STANLEY DEAN WITTER SPECTRUM COMMODITY L P,8-K,2001-04-25,https://mcc.law.stanford.edu/data/1044646/000091412101500100/mo558275_ex10-01.txt,EX-10.01,EX-10,text/plain,services,"[""demeter management corporation"",""morgan stanley commodities management inc"",""morgan stanley dean witter commodities management inc"",""morgan stanley dean witter spectrum commodity lp"",""morgan stanley tangible asset fund l""]","[""demeter management corporation"",""morgan stanley commodities management inc"",""morgan stanley dean witter commodities management inc"",""morgan stanley dean witter spectrum commodity l p"",""morgan stanley dean witter spectrum commodity lp"",""morgan stanley tangible asset fund l""]",0,false,true,true,false,false,1044646/000091412101500100/mo558275_ex10-01.txt
2001,QTR2,1044646,000091412101500100,MORGAN STANLEY DEAN WITTER SPECTRUM COMMODITY L P,8-K,2001-04-25,https://mcc.law.stanford.edu/data/1044646/000091412101500100/mo558275_ex10-02.txt,EX-10.02,EX-10,text/plain,services,"[""demeter management corporation"",""morgan stanley dean witter commodities management inc"",""morgan stanley dean witter spectrum commodity lp""]","[""demeter management corporation"",""morgan stanley dean witter commodities management inc"",""morgan stanley dean witter spectrum commodity l p""]",0,false,true,false,false,false,1044646/000091412101500100/mo558275_ex10-02.txt
2003,QTR2,1045597,000095013003003107,I3 MOBILE INC,10-K,2003-04-09,https://mcc.law.stanford.edu/data/1045597/000095013003003107/dex1013b.txt,EX-10.13(B),EX-10,text/plain,services,"[""13 mobile inc"",""errol gerson"",""i3 mobile inc"",""inetnow inc""]","[""13 mobile inc"",""errol gerson"",""i3 mobile inc"",""inetnow inc""]",0,false,true,false,false,false,1045597/000095013003003107/dex1013b.txt
2003,QTR2,1045597,000095013003003107,I3 MOBILE INC,10-K,2003-04-09,https://mcc.law.stanford.edu/data/1045597/000095013003003107/dex1013c.txt,EX-10.13(C),EX-10,text/plain,services,"[""13 mobile inc"",""gary sallee"",""i3 mobile inc"",""inet"",""inetnow inc""]","[""13 mobile inc"",""gary sallee"",""i3 mobile inc"",""inet(now"",""inetnow inc""]",0,false,true,false,false,false,1045597/000095013003003107/dex1013c.txt
2006,QTR2,1045829,000104582906000016,VANGUARD HEALTH SYSTEMS INC,10-Q,2006-05-12,https://mcc.law.stanford.edu/data/1045829/000104582906000016/exhibit10_3.txt,EX-10.3,EX-10,text/plain,services,"[""phoenix health plancommunity connection"",""vanguard health systems inc""]","[""phoenix health plan/community connection"",""vanguard health systems inc""]",0,false,true,false,false,false,1045829/000104582906000016/exhibit10_3.txt
2006,QTR2,1045829,000104582906000016,VANGUARD HEALTH SYSTEMS INC,10-Q,2006-05-12,https://mcc.law.stanford.edu/data/1045829/000104582906000016/exhibit10_4.txt,EX-10.4,EX-10,text/plain,services,"[""phoenix health plancommunity connection"",""vanguard health systems inc""]","[""phoenix health plan/community connection"",""vanguard health systems inc""]",0,false,true,false,false,false,1045829/000104582906000016/exhibit10_4.txt
2006,QTR2,1047699,000095014406004699,KING PHARMACEUTICALS INC,10-Q,2006-05-10,https://mcc.law.stanford.edu/data/1047699/000095014406004699/g00994exv10w6.txt,EX-10.6,EX-10,text/plain,services,"[""hoechst marion roussel deutschland gmbh"",""king pharmaceuticals inc"",""sanofi-aventis deutschland gmbh""]","[""hoechst marion roussel deutschland gmbh"",""king pharmaceuticals inc"",""sanofi-aventis deutschland gmbh"",""supplier""]",0,false,true,true,false,false,1047699/000095014406004699/g00994exv10w6.txt
2006,QTR2,1047699,000095014406004699,KING PHARMACEUTICALS INC,10-Q,2006-05-10,https://mcc.law.stanford.edu/data/1047699/000095014406004699/g00994exv10w7.txt,EX-10.7,EX-10,text/plain,services,"[""hoechst marion roussel deutschland gmbh"",""hoechst marion roussel inc"",""king pharmaceuticals inc"",""sad"",""sanofi-aventis deutschland gmbh"",""sanofi-aventis us llc""]","[""hoechst marion roussel deutschland gmbh"",""hoechst marion roussel inc"",""king pharmaceuticals inc"",""sad"",""sanofi-aventis deutschland gmbh"",""sanofi-aventis us llc""]",0,false,true,false,false,false,1047699/000095014406004699/g00994exv10w7.txt
2002,QTR2,1050112,000095017202000641,ANTHRACITE CAPITAL INC,10-K,2002-04-01,https://mcc.law.stanford.edu/data/1050112/000095017202000641/s383051.txt,EX-10,EX-10,text/plain,services,"[""anthracite capital inc"",""blackrock financial management inc""]","[""anthracite capital inc"",""blackrock financial management inc""]",0,false,true,false,false,false,1050112/000095017202000641/s383051.txt
2002,QTR2,1050112,000095017202001026,ANTHRACITE CAPITAL INC,10-Q,2002-05-15,https://mcc.law.stanford.edu/data/1050112/000095017202001026/ny383051.txt,EX-10,EX-10,text/plain,services,"[""anthracite capital inc"",""blackrock financial management inc""]","[""anthracite capital inc"",""blackrock financial management inc""]",0,false,true,false,false,false,1050112/000095017202001026/ny383051.txt
2002,QTR2,1050112,000095017202001044,ANTHRACITE CAPITAL INC,10-K/A,2002-05-17,https://mcc.law.stanford.edu/data/1050112/000095017202001044/anthra102.txt,EX-10.2,EX-10,text/plain,services,"[""anthracite capital inc"",""blackrock financial management inc""]","[""anthracite capital inc"",""blackrock financial management inc""]",0,false,true,false,false,false,1050112/000095017202001044/anthra102.txt
2002,QTR2,1050112,000095017202001044,ANTHRACITE CAPITAL INC,10-K/A,2002-05-17,https://mcc.law.stanford.edu/data/1050112/000095017202001044/anthra103.txt,EX-10.3,EX-10,text/plain,services,"[""anthracite capital inc"",""blackrock financial management inc""]","[""anthracite capital inc"",""blackrock financial management inc""]",0,false,true,false,false,false,1050112/000095017202001044/anthra103.txt
2003,QTR2,1050112,000095017203001616,ANTHRACITE CAPITAL INC,10-Q,2003-05-15,https://mcc.law.stanford.edu/data/1050112/000095017203001616/s761576.txt,EX-10,EX-10,text/plain,services,"[""anthracite capital inc"",""blackrock financial management inc""]","[""anthracite capital inc"",""blackrock financial management inc""]",0,false,true,true,false,false,1050112/000095017203001616/s761576.txt
2004,QTR2,1050112,000095017204001154,ANTHRACITE CAPITAL INC,10-Q,2004-05-10,https://mcc.law.stanford.edu/data/1050112/000095017204001154/anth_10.txt,EX-10,EX-10,text/plain,services,"[""anthracite capital inc"",""blackrock financial management inc""]","[""anthracite capital inc"",""blackrock financial management inc""]",0,false,true,true,false,false,1050112/000095017204001154/anth_10.txt
2002,QTR2,1053361,000101287002001581,CATALYTICA ENERGY SYSTEMS INC,10-K,2002-04-01,https://mcc.law.stanford.edu/data/1053361/000101287002001581/dex1030.txt,EX-10.30,EX-10,text/plain,services,"[""catalytica combustion systems inc"",""catalytica energy systems inc"",""general electric company"",""genxon power systems llc""]","[""catalytica combustion systems inc"",""catalytica energy systems inc"",""general electric company"",""genxon power systems llc""]",0,false,true,false,false,false,1053361/000101287002001581/dex1030.txt
2001,QTR2,1053384,000095012401500445,GENOMIC SOLUTIONS INC,8-K,2001-04-23,https://mcc.law.stanford.edu/data/1053384/000095012401500445/k61834ex10-3.txt,EX-10.3,EX-10,text/plain,services,"[""genomic solutions inc"",""perkinelmer inc""]","[""genomic solutions inc"",""perkinelmer inc""]",0,false,true,false,false,false,1053384/000095012401500445/k61834ex10-3.txt
2002,QTR2,1053384,000095012402001177,GENOMIC SOLUTIONS INC,10-K,2002-04-01,https://mcc.law.stanford.edu/data/1053384/000095012402001177/k68388ex10-1b.txt,EX-10.1(B),EX-10,text/plain,services,"[""genomic solutions inc"",""gsi"",""perkinelmer life sciences inc"",""pki""]","[""genomic solutions inc"",""gsi"",""perkinelmer life sciences inc"",""pki""]",0,false,true,false,false,false,1053384/000095012402001177/k68388ex10-1b.txt
2007,QTR2,1053676,000089109207001327,DYNABAZAAR INC,10-K,2007-04-04,https://mcc.law.stanford.edu/data/1053676/000089109207001327/e26784ex10-23.txt,EX-10.23,EX-10,text/plain,services,"[""barington capital group lp"",""bcg"",""dynabazaar inc""]","[""barington capital group lp"",""bcg"",""dynabazaar inc""]",0,false,true,false,false,false,1053676/000089109207001327/e26784ex10-23.txt
2006,QTR2,1053676,000112528206002828,DYNABAZAAR INC,10-Q,2006-05-15,https://mcc.law.stanford.edu/data/1053676/000112528206002828/b413291_ex10-22.txt,EX-10.22,EX-10,text/plain,services,"[""barington capital group lp"",""bcg"",""dynabazaar inc""]","[""barington capital group lp"",""bcg"",""dynabazaar inc""]",0,false,true,false,false,false,1053676/000112528206002828/b413291_ex10-22.txt
2001,QTR2,1054374,000089256901000057,BROADCOM CORP,10-K,2001-04-02,https://mcc.law.stanford.edu/data/1054374/000089256901000057/a71211ex10-16.txt,EX-10.16,EX-10,text/plain,services,"[""broadcom corp"",""broadcom corporation"",""general instrument corporation"",""motorola inc"",""nextlevel systems inc""]","[""broadcom corp"",""broadcom corporation"",""general instrument corporation"",""motorola inc"",""nextlevel systems inc""]",0,false,true,false,false,false,1054374/000089256901000057/a71211ex10-16.txt
2004,QTR2,1054374,000095013704003850,BROADCOM CORP,10-Q,2004-05-10,https://mcc.law.stanford.edu/data/1054374/000095013704003850/a98745exv10w25.txt,EX-10.25,EX-10,text/plain,services,"[""broadcom corp"",""broadcom corporation"",""general instrument corporation"",""motorola inc""]","[""broadcom corp"",""broadcom corporation"",""general instrument corporation"",""motorola inc""]",0,false,true,false,false,false,1054374/000095013704003850/a98745exv10w25.txt
2003,QTR2,1055291,000095012303007623,MEXICAN RAILWAY TRANSPORTATION GROUP,20-F,2003-06-30,https://mcc.law.stanford.edu/data/1055291/000095012303007623/y87976exv99w4w11.txt,EX-99.4.11,EX-99,text/plain,services,"[""grupo tmm sa"",""mexican railway transportation group"",""tfm sa de cv"",""transportacion maritima mexicana sa de cv""]","[""grupo tmm sa de cv"",""mexican railway transportation group"",""tfm sa de cv"",""transportacion maritima mexicana sa de cv""]",0,false,true,false,false,false,1055291/000095012303007623/y87976exv99w4w11.txt
2002,QTR2,1057232,000101143802000285,INTERPLAY ENTERTAINMENT CORP,10-K,2002-04-15,https://mcc.law.stanford.edu/data/1057232/000101143802000285/exhibit10-47.txt,EX-10,EX-10,text/plain,services,"[""caen"",""iec"",""interplay entertainment corp"",""vivendi universal interactive publishing north america inc""]","[""caen"",""iec"",""interplay entertainment corp"",""vivendi universal interactive publishing north america inc"",""vuipna""]",0,false,true,false,false,false,1057232/000101143802000285/exhibit10-47.txt
2002,QTR2,1057232,000101143802000285,INTERPLAY ENTERTAINMENT CORP,10-K,2002-04-15,https://mcc.law.stanford.edu/data/1057232/000101143802000285/exhibit10-48.txt,EX-10,EX-10,text/plain,services,"[""herve caen"",""iec"",""interplay entertainment corp"",""nathan peck interplay entertainment corp"",""vivendi universal interactive publishing north america inc""]","[""herve caen"",""iec"",""interplay entertainment corp"",""nathan peck interplay entertainment corp"",""vivendi universal interactive publishing north america inc"",""vuipna""]",0,false,true,false,false,false,1057232/000101143802000285/exhibit10-48.txt
2002,QTR2,1057232,000101143802000378,INTERPLAY ENTERTAINMENT CORP,10-Q,2002-05-15,https://mcc.law.stanford.edu/data/1057232/000101143802000378/exhibit10-1.txt,EX-10,EX-10,text/plain,services,"[""caen"",""interplay entertainment corp"",""vivendi universal games inc"",""vivendi universal interactive publishing north america inc""]","[""caen"",""interplay entertainment corp"",""vivendi universal games inc"",""vivendi universal interactive publishing north america inc""]",0,false,true,false,false,false,1057232/000101143802000378/exhibit10-1.txt
2002,QTR2,1057232,000101143802000378,INTERPLAY ENTERTAINMENT CORP,10-Q,2002-05-15,https://mcc.law.stanford.edu/data/1057232/000101143802000378/exhibit10-3.txt,EX-10,EX-10,text/plain,services,"[""bioware corp"",""infogrames interactive inc"",""interplay entertainment corp""]","[""bioware corp"",""infogrames interactive inc"",""interplay entertainment corp""]",0,false,true,false,false,false,1057232/000101143802000378/exhibit10-3.txt
2002,QTR2,1057232,000101143802000378,INTERPLAY ENTERTAINMENT CORP,10-Q,2002-05-15,https://mcc.law.stanford.edu/data/1057232/000101143802000378/exhibit10-4.txt,EX-10,EX-10,text/plain,services,"[""high voltage software inc"",""interplay entertainment corp"",""microsoft""]","[""high voltage software inc"",""interplay entertainment corp"",""microsoft""]",0,false,true,true,false,false,1057232/000101143802000378/exhibit10-4.txt
2002,QTR2,1057232,000101143802000392,INTERPLAY ENTERTAINMENT CORP,10-K/A,2002-05-22,https://mcc.law.stanford.edu/data/1057232/000101143802000392/exhibit10-42.txt,EX-10,EX-10,text/plain,services,"[""interplay entertainment corp"",""virgin interactive entertainment limited""]","[""interplay entertainment corp"",""virgin interactive entertainment limited""]",0,false,true,false,false,false,1057232/000101143802000392/exhibit10-42.txt
2002,QTR2,1057232,000101143802000402,INTERPLAY ENTERTAINMENT CORP,10-Q/A,2002-05-30,https://mcc.law.stanford.edu/data/1057232/000101143802000402/exhibit10-2.txt,EX-10,EX-10,text/plain,services,"[""herve caen"",""interplay entertainment corp"",""vivendi universal interactive publishing north america inc""]","[""herve caen"",""interplay entertainment corp"",""interplay entertainment corporation"",""vivendi universal interactive publishing north america inc""]",0,false,true,false,false,false,1057232/000101143802000402/exhibit10-2.txt
2004,QTR2,1057232,000117091804000309,INTERPLAY ENTERTAINMENT CORP,10-K,2004-04-27,https://mcc.law.stanford.edu/data/1057232/000117091804000309/ex10-44.txt,EX-10,EX-10,text/plain,services,"[""interplay entertainment corp"",""virgin interactive entertainment limited""]","[""interplay entertainment corp"",""virgin interactive entertainment limited""]",0,false,true,false,false,false,1057232/000117091804000309/ex10-44.txt
2004,QTR2,1057232,000117091804000309,INTERPLAY ENTERTAINMENT CORP,10-K,2004-04-27,https://mcc.law.stanford.edu/data/1057232/000117091804000309/ex10-45.txt,EX-10,EX-10,text/plain,services,"[""interplay entertainment corp"",""virgin interactive entertainment limited""]","[""interplay entertainment corp"",""virgin interactive entertainment limited""]",0,false,true,false,false,false,1057232/000117091804000309/ex10-45.txt
2004,QTR2,1057232,000117091804000309,INTERPLAY ENTERTAINMENT CORP,10-K,2004-04-27,https://mcc.law.stanford.edu/data/1057232/000117091804000309/ex10-46.txt,EX-10,EX-10,text/plain,services,"[""avalon interactive group limited"",""interplay entertainment corp"",""virgin interactive entertainment limited""]","[""avalon interactive group limited"",""avalon interactive group ltd"",""interplay entertainment corp"",""virgin interactive entertainment""]",0,false,true,false,false,false,1057232/000117091804000309/ex10-46.txt
2001,QTR2,1057233,000095012901500566,UNIVERSAL COMPRESSION INC,S-4/A,2001-05-11,https://mcc.law.stanford.edu/data/1057233/000095012901500566/h84315a2ex10-13.txt,EX-10.13,EX-10,text/plain,services,"[""brl universal compression funding"",""uci"",""universal compression inc""]","[""brl universal compression funding i lp"",""uci"",""universal compression inc""]",0,false,true,false,false,false,1057233/000095012901500566/h84315a2ex10-13.txt
2001,QTR2,1058956,000005447601500015,DTI HOLDINGS INC,10-Q,2001-05-15,https://mcc.law.stanford.edu/data/1058956/000005447601500015/ex10_34.txt,EX-10,EX-10,text/plain,services,"[""adelphia business solutions inc"",""adelphia business solutions long haul l"",""digital teleport inc"",""dti holdings inc""]","[""adelphia business solutions inc"",""adelphia business solutions long haul l"",""digital teleport inc"",""dti holdings inc""]",0,false,true,false,false,false,1058956/000005447601500015/ex10_34.txt
2001,QTR2,1059341,000092838501500227,MERISTAR HOTELS   RESORTS INC,10-K,2001-04-02,https://mcc.law.stanford.edu/data/1059341/000092838501500227/dex1015.txt,EX-10.15,EX-10,text/plain,services,"[""meristar handr operating company"",""meristar hospitality corporation"",""meristar hospitality operating partnership lp"",""meristar hotel lessee inc"",""meristar hotels and resorts inc"",""msh op"",""opco op""]","[""meristar handr operating company lp"",""meristar hospitality corporation"",""meristar hospitality operating partnership lp"",""meristar hotel lessee inc"",""meristar hotels and resorts inc"",""meristar hotels resorts inc"",""msh op"",""opco op""]",0,false,true,false,false,false,1059341/000092838501500227/dex1015.txt
2000,QTR2,1059582,000095010300000677,MORGAN STANLEY AIRCRAFT FINANCE,S-4,2000-05-31,https://mcc.law.stanford.edu/data/1059582/000095010300000677/0000950103-00-000677-0006.txt,EX-10.1,EX-10,text/plain,services,"[""cabot aircraft services limited"",""deutsche bank trust company americas"",""morgan stanley aircraft finance""]","[""bankers trust company"",""cabot aircraft services limited"",""morgan stanley aircraft finance""]",0,false,true,true,false,false,1059582/000095010300000677/0000950103-00-000677-0006.txt
2002,QTR2,1059784,000095011602000920,GENEREX BIOTECHNOLOGY CORP,8-K,2002-05-03,https://mcc.law.stanford.edu/data/1059784/000095011602000920/ex10-1.txt,EX-10,EX-10,text/plain,services,"[""generex biotechnology corporation""]","[""generex biotechnology corp""]",0,false,true,true,false,false,1059784/000095011602000920/ex10-1.txt
2001,QTR2,1059851,000093244001500046,KMC TELECOM HOLDINGS INC,10-Q,2001-05-15,https://mcc.law.stanford.edu/data/1059851/000093244001500046/a-621876.txt,EX-10,EX-10,text/plain,services,"[""global service providers group"",""kmc telecom holdings inc"",""kmc telecom inc"",""lucent technologies inc""]","[""global service providers group"",""kmc telcom inc"",""kmc telecom holdings inc"",""kmc telecom inc"",""lucent technologies inc""]",0,false,true,false,false,false,1059851/000093244001500046/a-621876.txt
2001,QTR2,1059851,000093244001500046,KMC TELECOM HOLDINGS INC,10-Q,2001-05-15,https://mcc.law.stanford.edu/data/1059851/000093244001500046/a-621884.txt,EX-10,EX-10,text/plain,services,"[""kmc telecom holdings inc"",""kmc telecom inc"",""lucent technologies inc""]","[""kmc telcom inc"",""kmc telecom holdings inc"",""kmc telecom inc"",""lucent technologies inc""]",0,false,true,false,false,false,1059851/000093244001500046/a-621884.txt
2002,QTR2,1060490,000092838502001610,CORVIS CORP,8-K,2002-04-24,https://mcc.law.stanford.edu/data/1060490/000092838502001610/dex101.txt,EX-10.1,EX-10,text/plain,services,"[""corvis corp"",""corvis operations inc"",""qwest communications corporation""]","[""corvis corp"",""corvis operations inc"",""qwest communications corporation""]",0,false,true,false,false,false,1060490/000092838502001610/dex101.txt
2002,QTR2,1060801,000095014902001042,CRITICAL PATH INC,10-Q,2002-05-15,https://mcc.law.stanford.edu/data/1060801/000095014902001042/f81657ex10-1.txt,EX-10.1,EX-10,text/plain,services,"[""critical path inc"",""icq inc""]","[""critical path inc"",""icq inc""]",0,false,true,false,false,false,1060801/000095014902001042/f81657ex10-1.txt
2003,QTR2,1061219,000095012903002575,ENTERPRISE PRODUCTS PARTNERS L P,8-K,2003-05-09,https://mcc.law.stanford.edu/data/1061219/000095012903002575/h05522exv10w1.txt,EX-10.1,EX-10,text/plain,services,"[""enterprise gas processing llc"",""enterprise products partners l p"",""shell consolidated energy resources inc"",""shell exploration and production company"",""shell frontier oil and gas inc"",""shell land and energy company"",""shell offshore inc"",""shell oil company""]","[""enterprise gas processing llc"",""enterprise products partners l p"",""shell consolidated energy resources inc"",""shell exploration and production company"",""shell frontier oil and gas inc"",""shell land and energy company"",""shell offshore inc"",""shell oil company""]",0,false,true,false,false,false,1061219/000095012903002575/h05522exv10w1.txt
2004,QTR2,1061219,000095012904002365,ENTERPRISE PRODUCTS PARTNERS L P,8-K,2004-04-26,https://mcc.law.stanford.edu/data/1061219/000095012904002365/h14697exv10w1.txt,EX-10.1,EX-10,text/plain,services,"[""enterprise gas processing llc"",""enterprise products partners l p"",""shell consolidated energy resources inc"",""shell exploration and production company"",""shell frontier oil and gas inc"",""shell land and energy company"",""shell offshore inc"",""shell oil company""]","[""enterprise gas processing llc"",""enterprise products partners l p"",""shell consolidated energy resources inc"",""shell exploration and production company"",""shell frontier oil and gas inc"",""shell land and energy company"",""shell offshore inc"",""shell oil company""]",0,false,true,false,false,false,1061219/000095012904002365/h14697exv10w1.txt
2003,QTR2,1061792,000095015203005328,IRON AGE CORP,10-K,2003-05-13,https://mcc.law.stanford.edu/data/1061792/000095015203005328/j0082601exv10w70.txt,EX-10.70,EX-10,text/plain,services,"[""fenway partners resources inc"",""iron age corporation"",""iron age holdings corporation""]","[""fenway partners resources inc"",""iron age corp"",""iron age corporation"",""iron age holdings corporation""]",0,false,true,false,false,false,1061792/000095015203005328/j0082601exv10w70.txt
2001,QTR2,1061937,000092838501000959,HOST MARRIOTT L P,10-K,2001-04-02,https://mcc.law.stanford.edu/data/1061937/000092838501000959/0000928385-01-000959-0004.txt,EX-10.27,EX-10,text/plain,services,"[""host marriott corporation""]","[""host marriott corporation"",""host marriott l p""]",0,false,true,false,false,false,1061937/000092838501000959/0000928385-01-000959-0004.txt
2001,QTR2,1062023,000095012301502395,OPTIMARK HOLDINGS INC,10-Q,2001-05-14,https://mcc.law.stanford.edu/data/1062023/000095012301502395/y49026ex10-1.txt,EX-10.1,EX-10,text/plain,services,"[""bob"",""dan moore"",""hector olmeda"",""nasdaq stock market inc"",""optimark holdings inc"",""robert warshaw"",""steven randich""]","[""bob"",""dan moore"",""hector olmeda"",""nasdaq stock market inc"",""optimark holdings inc"",""robert warshaw"",""steven j randich""]",0,false,true,false,false,false,1062023/000095012301502395/y49026ex10-1.txt
2001,QTR2,1062157,000095013701000989,WINK COMMUNICATIONS INC,10-K,2001-04-02,https://mcc.law.stanford.edu/data/1062157/000095013701000989/c61163ex10-49.txt,EX-10.49,EX-10,text/plain,services,"[""wink communications inc""]","[""wink communications inc""]",0,false,true,false,false,false,1062157/000095013701000989/c61163ex10-49.txt
2001,QTR2,1062157,000095013701000989,WINK COMMUNICATIONS INC,10-K,2001-04-02,https://mcc.law.stanford.edu/data/1062157/000095013701000989/c61163ex10-50.txt,EX-10.50,EX-10,text/plain,services,"[""wink communications inc""]","[""wink communications inc""]",0,false,true,false,false,false,1062157/000095013701000989/c61163ex10-50.txt
2001,QTR2,1062157,000095013701000989,WINK COMMUNICATIONS INC,10-K,2001-04-02,https://mcc.law.stanford.edu/data/1062157/000095013701000989/c61163ex10-53.txt,EX-10.53,EX-10,text/plain,services,"[""wink communications inc""]","[""wink communications inc""]",0,false,true,false,false,false,1062157/000095013701000989/c61163ex10-53.txt
2001,QTR2,1062157,000095013701000989,WINK COMMUNICATIONS INC,10-K,2001-04-02,https://mcc.law.stanford.edu/data/1062157/000095013701000989/c61163ex10-54.txt,EX-10.54,EX-10,text/plain,services,"[""wink communications inc""]","[""wink communications inc""]",0,false,true,false,false,false,1062157/000095013701000989/c61163ex10-54.txt
2003,QTR2,1064531,000095013303002257,EQUANT NV,20-F/A,2003-06-27,https://mcc.law.stanford.edu/data/1064531/000095013303002257/w87780exv2.txt,EX-2,EX-2,text/plain,services,"[""equant nv"",""france telecom""]","[""equant nv"",""france telecom sa""]",0,false,true,false,false,false,1064531/000095013303002257/w87780exv2.txt
2003,QTR2,1064863,000092838503001450,AMERIGROUP CORP,10-Q,2003-05-05,https://mcc.law.stanford.edu/data/1064863/000092838503001450/dex1032.txt,EX-10.32,EX-10,text/plain,services,"[""amerigroup corp"",""florida healthy kids corporation"",""physicians healthcare plans inc""]","[""amerigroup corp"",""florida healthy kids corporation and physicians healthcare plans inc""]",0,false,true,false,false,false,1064863/000092838503001450/dex1032.txt
2003,QTR2,1064863,000092838503001450,AMERIGROUP CORP,10-Q,2003-05-05,https://mcc.law.stanford.edu/data/1064863/000092838503001450/dex1034.txt,EX-10.34,EX-10,text/plain,services,"[""amerigroup corp"",""florida healthy kids corporation"",""physicians healthcare plans inc""]","[""amerigroup corp"",""florida healthy kids corporation and physicians healthcare plans inc""]",0,false,true,false,false,false,1064863/000092838503001450/dex1034.txt
2002,QTR2,1065910,000095013002003067,INTERLIANT INC,10-K/A,2002-04-29,https://mcc.law.stanford.edu/data/1065910/000095013002003067/dex1059.txt,EX-10.59,EX-10,text/plain,services,"[""field group plc"",""interliant inc"",""michael koehler"",""mike"",""tfg""]","[""interliant inc"",""michael koehler"",""mike"",""tfg"",""the feld group inc""]",0,false,true,false,false,false,1065910/000095013002003067/dex1059.txt
2001,QTR2,1067075,000091205701509778,AMERICAN CELLULAR CORP  DE ,S-4,2001-04-20,https://mcc.law.stanford.edu/data/1067075/000091205701509778/a2041925zex-10_1.txt,EX-10.1,EX-10,text/plain,services,"[""american cellular corporation"",""dobson cellular systems inc"",""nbc acquisition corp""]","[""acc acquisition llc"",""american cellular corp de"",""dobson cellular systems inc""]",0,false,true,true,false,false,1067075/000091205701509778/a2041925zex-10_1.txt
2001,QTR2,1067075,000091205701509778,AMERICAN CELLULAR CORP  DE ,S-4,2001-04-20,https://mcc.law.stanford.edu/data/1067075/000091205701509778/a2041925zex-10_2.txt,EX-10.2,EX-10,text/plain,services,"[""american cellular corporation"",""dobson cellular systems inc"",""nbc acquisition corp""]","[""acc acquisition llc"",""american cellular corp de"",""dobson cellular systems inc""]",0,false,true,true,false,false,1067075/000091205701509778/a2041925zex-10_2.txt
2001,QTR2,1067075,000091205701509778,AMERICAN CELLULAR CORP  DE ,S-4,2001-04-20,https://mcc.law.stanford.edu/data/1067075/000091205701509778/a2041925zex-10_3.txt,EX-10.3,EX-10,text/plain,services,"[""american cellular corporation"",""atandt wireless services inc"",""aws"",""nbc acquisition corp""]","[""acc acquisition llc"",""american cellular corp de"",""atandt wireless services inc"",""aws""]",0,false,true,true,false,false,1067075/000091205701509778/a2041925zex-10_3.txt
2001,QTR2,1068906,000095014801500729,CDRJ INVESTMENTS LUX S A,10-Q,2001-05-15,https://mcc.law.stanford.edu/data/1068906/000095014801500729/v72458ex10-1.txt,EX-10.1,EX-10,text/plain,services,"[""cdandr"",""cdrj investments"",""cdrj investments lux s a"",""clayton dubilier and rice inc"",""jafra cosmetics international inc"",""jcisa"",""lux sa""]","[""cdandr"",""cdrj investments (lux"",""cdrj investments lux s a"",""clayton dubilier and rice inc"",""group"",""jafra cosmetics international inc"",""jafra cosmetics international sa"",""jcisa"",""lux sa""]",0,false,true,true,false,false,1068906/000095014801500729/v72458ex10-1.txt
2003,QTR2,1069031,000095012303007741,JAFRA COSMETICS INTERNATIONAL INC,S-4,2003-06-30,https://mcc.law.stanford.edu/data/1069031/000095012303007741/y87651exv10w24.txt,EX-10.24,EX-10,text/plain,services,"[""cdrj investments"",""cdrj north atlantic"",""jafra cosmetics international inc"",""jafra worldwide holdings""]","[""cdrj investments (lux) sa"",""cdrj north atlantic (lux) sarl"",""jafra cosmetics international inc"",""jafra worldwide holdings (lux) sarl""]",0,false,true,true,false,false,1069031/000095012303007741/y87651exv10w24.txt
2001,QTR2,1070423,000089924301500767,PLAINS ALL AMERICAN PIPELINE LP,8-K,2001-06-11,https://mcc.law.stanford.edu/data/1070423/000089924301500767/dex101.txt,EX-10.1,EX-10,text/plain,services,"[""gp lp"",""plains aap lp"",""plains all american gp llc"",""plains all american pipeline lp""]","[""gp lp"",""plains aap lp"",""plains all american gp llc"",""plains all american inc"",""plains all american pipeline lp""]",0,false,true,false,false,false,1070423/000089924301500767/dex101.txt
2001,QTR2,1070423,000089924301500835,PLAINS ALL AMERICAN PIPELINE LP,8-K,2001-06-27,https://mcc.law.stanford.edu/data/1070423/000089924301500835/dex101.txt,EX-10.1,EX-10,text/plain,services,"[""mlp"",""plains aap lp"",""plains all american gp llc"",""plains all american pipeline lp"",""plains gp llc"",""plains marketing lp""]","[""(gp inc"",""mlp"",""plains aap lp"",""plains all american gp llc"",""plains all american pipeline lp"",""plains gp llc"",""plains marketing gp inc"",""plains marketing lp""]",0,false,true,false,false,false,1070423/000089924301500835/dex101.txt
2003,QTR2,1070534,000093639203000694,NEXTERA ENTERPRISES INC,10-Q,2003-05-12,https://mcc.law.stanford.edu/data/1070534/000093639203000694/a89957exv10w1.txt,EX-10.1,EX-10,text/plain,services,"[""daniel r fischel"",""lexecon inc"",""mr fischel"",""nextera enterprises inc""]","[""daniel r fischel"",""lexecon inc"",""mr fischel"",""nextera enterprises inc""]",0,false,true,false,false,false,1070534/000093639203000694/a89957exv10w1.txt
2003,QTR2,1070534,000093639203000694,NEXTERA ENTERPRISES INC,10-Q,2003-05-12,https://mcc.law.stanford.edu/data/1070534/000093639203000694/a89957exv10w2.txt,EX-10.2,EX-10,text/plain,services,"[""dennis w carlton"",""lexecon inc"",""mr carlton"",""nextera enterprises inc""]","[""dennis w carlton"",""lexecon inc"",""mr carlton"",""nextera enterprises inc""]",0,false,true,false,false,false,1070534/000093639203000694/a89957exv10w2.txt
2003,QTR2,1070658,000104746903017535,CYBERNET INTERNET SERVICES INTERNATIONAL INC,10-K,2003-05-08,https://mcc.law.stanford.edu/data/1070658/000104746903017535/a2110497zex-10_43.txt,EX-10.43,EX-10,text/plain,services,"[""cybernet internet services international inc"",""mfc merchant bank sa"",""nbt bancorp inc""]","[""cybernet internet services international inc"",""mfc bancorp ltd"",""mfc merchant bank sa""]",0,false,true,false,false,false,1070658/000104746903017535/a2110497zex-10_43.txt
2002,QTR2,1070699,000091205702012939,UNIVERSAL ACCESS GLOBAL HOLDINGS INC,10-K,2002-04-01,https://mcc.law.stanford.edu/data/1070699/000091205702012939/a2074067zex-10_202.txt,EX-10.20-2,EX-10,text/plain,services,"[""mci worldcom communications inc"",""universal access global holdings inc"",""universal access inc""]","[""mci worldcom communications inc"",""universal access global holdings inc"",""universal access inc""]",0,false,true,false,false,false,1070699/000091205702012939/a2074067zex-10_202.txt
2001,QTR2,1070750,000092838501000958,HOST MARRIOTT CORP ,10-K,2001-04-02,https://mcc.law.stanford.edu/data/1070750/000092838501000958/0000928385-01-000958-0005.txt,EX-10.33,EX-10,text/plain,services,"[""host marriott corporation""]","[""host marriott corp"",""host marriott corporation""]",0,false,true,false,false,false,1070750/000092838501000958/0000928385-01-000958-0005.txt
2000,QTR2,1070985,000095014400007789,PRISON REALTY TRUST INC,8-K,2000-06-13,https://mcc.law.stanford.edu/data/1070985/000095014400007789/0000950144-00-007789-0005.txt,EX-10.4,EX-10,text/plain,services,"[""cca"",""correctional management services corporation"",""corrections corporation"",""of america"",""prison realty corporation"",""prison realty trust inc""]","[""cca"",""correctional management services corporation"",""corrections corporation of america"",""prison realty corporation"",""prison realty trust inc""]",0,false,true,false,false,false,1070985/000095014400007789/0000950144-00-007789-0005.txt
2000,QTR2,1070985,000095014400007789,PRISON REALTY TRUST INC,8-K,2000-06-13,https://mcc.law.stanford.edu/data/1070985/000095014400007789/0000950144-00-007789-0006.txt,EX-10.5,EX-10,text/plain,services,"[""cca"",""correctional management services corporation"",""corrections corporation"",""of america"",""prison realty corporation"",""prison realty trust inc""]","[""cca"",""cmsc"",""correctional management services corporation"",""corrections corporation of america"",""prison realty corporation"",""prison realty trust inc""]",0,false,true,true,false,false,1070985/000095014400007789/0000950144-00-007789-0006.txt
2001,QTR2,1070985,000095014401005110,CORRECTIONS CORP OF AMERICA MD,10-K,2001-04-17,https://mcc.law.stanford.edu/data/1070985/000095014401005110/g67883ex10-30.txt,EX-10.30,EX-10,text/plain,services,"[""correctional management services corporation"",""corrections corp of america md"",""prison realty corporation""]","[""cmsc"",""correctional management services corporation"",""corrections corp of america md"",""prison realty corporation""]",0,false,true,true,false,false,1070985/000095014401005110/g67883ex10-30.txt
2001,QTR2,1070985,000095014401005110,CORRECTIONS CORP OF AMERICA MD,10-K,2001-04-17,https://mcc.law.stanford.edu/data/1070985/000095014401005110/g67883ex10-32.txt,EX-10.32,EX-10,text/plain,services,"[""cca acquisition sub inc"",""correctional management services corporation"",""corrections corp of america md"",""corrections corporation"",""of america"",""prison realty corporation"",""prison realty trust inc""]","[""cca acquisition sub inc"",""correctional management services corporation"",""corrections corp of america md"",""corrections corporation of america"",""prison realty corporation"",""prison realty trust inc""]",0,false,true,true,false,true,1070985/000095014401005110/g67883ex10-32.txt
2001,QTR2,1070985,000095014401005110,CORRECTIONS CORP OF AMERICA MD,10-K,2001-04-17,https://mcc.law.stanford.edu/data/1070985/000095014401005110/g67883ex10-41.txt,EX-10.41,EX-10,text/plain,services,"[""correctional management services corporation"",""corrections corp of america md"",""corrections corporation"",""of america"",""prison management services inc""]","[""correctional management services corporation"",""corrections corp of america md"",""corrections corporation of america"",""pmsi"",""prison management services inc""]",0,false,true,false,false,false,1070985/000095014401005110/g67883ex10-41.txt
2001,QTR2,1070985,000095014401005110,CORRECTIONS CORP OF AMERICA MD,10-K,2001-04-17,https://mcc.law.stanford.edu/data/1070985/000095014401005110/g67883ex10-43.txt,EX-10.43,EX-10,text/plain,services,"[""correctional management services corporation"",""corrections corp of america md"",""corrections corporation"",""jjfmsi"",""juvenile and jail facility management services inc"",""of america""]","[""correctional management services corporation"",""corrections corp of america md"",""corrections corporation of america"",""jjfmsi"",""juvenile and jail facility management services inc""]",0,false,true,false,false,false,1070985/000095014401005110/g67883ex10-43.txt
2006,QTR2,1071255,000095013406012301,LAKES ENTERTAINMENT INC,8-K,2006-06-28,https://mcc.law.stanford.edu/data/1071255/000095013406012301/c06339exv10w14.txt,EX-10.14,EX-10,text/plain,services,"[""great lakes gaming of michigan llc"",""great lakes of michigan llc"",""lakes entertainment inc"",""pokagon band of potawatomi indians"",""pokagon gaming authority""]","[""(great lakes"",""great lakes gaming of michigan llc"",""great lakes of michigan llc"",""lakes entertainment inc"",""pokagon band of potawatomi indians"",""pokagon gaming authority""]",0,false,true,true,false,false,1071255/000095013406012301/c06339exv10w14.txt
2006,QTR2,1071255,000095013406012301,LAKES ENTERTAINMENT INC,8-K,2006-06-28,https://mcc.law.stanford.edu/data/1071255/000095013406012301/c06339exv10w15.txt,EX-10.15,EX-10,text/plain,services,"[""great lakes gaming of michigan llc"",""great lakes of michigan llc"",""lakes entertainment inc"",""pokagon band of potawatomi indians"",""pokagon gaming authority""]","[""(great lakes"",""great lakes gaming of michigan llc"",""great lakes of michigan llc"",""lakes entertainment inc"",""pokagon band of potawatomi indians"",""pokagon gaming authority""]",0,false,true,true,false,false,1071255/000095013406012301/c06339exv10w15.txt
2002,QTR2,1071342,000093066102001975,NETSOLVE INC,10-K,2002-06-10,https://mcc.law.stanford.edu/data/1071342/000093066102001975/dex1016.txt,EX-10.16,EX-10,text/plain,services,"[""atandt corp"",""netsolve inc"",""netsolve incorporated""]","[""atandt corp"",""netsolve inc"",""netsolve incorporated""]",0,false,true,false,false,false,1071342/000093066102001975/dex1016.txt
2002,QTR2,1071739,000095013402004314,CENTENE CORP,10-Q,2002-04-29,https://mcc.law.stanford.edu/data/1071739/000095013402004314/c69040ex10-2.txt,EX-10.2,EX-10,text/plain,services,"[""centene corp"",""coordinated care corporation"",""indiana family and social services administration"",""indiana inc"",""office of medicaid policy and planning"",""office of the childrens health insurance program""]","[""centene corp"",""coordinated care corporation indiana inc"",""indiana family and social services administration"",""office of medicaid policy and planning"",""office of the children's health insurance program""]",0,false,true,false,false,false,1071739/000095013402004314/c69040ex10-2.txt
2002,QTR2,1072048,000095014202000498,SPECTRASITE HOLDINGS INC,8-K/A,2002-05-22,https://mcc.law.stanford.edu/data/1072048/000095014202000498/ex10-8form8ka.txt,EX-10,EX-10,text/plain,services,"[""delaware co"",""sbc wireless llc"",""sbcw"",""spectrasite communications inc"",""spectrasite holdings inc"",""towerco""]","[""delaware co"",""sbc wireless llc"",""sbcw"",""spectrasite communications inc"",""spectrasite holdings inc"",""towerco parent""]",0,false,true,false,false,true,1072048/000095014202000498/ex10-8form8ka.txt
2001,QTR2,1072341,000100547701003219,PLAYBOY ENTERPRISES INC,10-Q,2001-05-14,https://mcc.law.stanford.edu/data/1072341/000100547701003219/0001005477-01-003219-0003.txt,EX-10.2,EX-10,text/plain,services,"[""playboy enterprises inc"",""playboy entertainment group inc"",""playboy tv international llc"",""victoria springs investments ltd"",""vsi""]","[""pegi"",""playboy enterprises inc"",""playboy entertainment group inc"",""playboy tv international llc"",""victoria springs investments ltd"",""vsi""]",0,false,true,false,false,false,1072341/000100547701003219/0001005477-01-003219-0003.txt
2006,QTR2,1072341,000116923206002304,PLAYBOY ENTERPRISES INC,10-Q,2006-05-10,https://mcc.law.stanford.edu/data/1072341/000116923206002304/d67933_ex10-5.txt,EX-10.5,EX-10,text/plain,services,"[""andrita studios inc"",""intelsat usa sales corp"",""playboy enterprises inc"",""playboy entertainment group inc""]","[""andrita studios inc"",""intelsat usa sales corp"",""playboy enterprises inc"",""playboy entertainment group inc""]",0,false,true,false,false,false,1072341/000116923206002304/d67933_ex10-5.txt
2006,QTR2,1072341,000116923206002304,PLAYBOY ENTERPRISES INC,10-Q,2006-05-10,https://mcc.law.stanford.edu/data/1072341/000116923206002304/d67933_ex10-8.txt,EX-10.8,EX-10,text/plain,services,"[""playboy enterprises inc"",""t-systems canada inc""]","[""playboy enterprises inc"",""t-systems canada inc""]",0,false,true,true,false,false,1072341/000116923206002304/d67933_ex10-8.txt
2006,QTR2,1072341,000116923206002304,PLAYBOY ENTERPRISES INC,10-Q,2006-05-10,https://mcc.law.stanford.edu/data/1072341/000116923206002304/d67933_ex102-2.txt,EX-10.2.2,EX-10,text/plain,services,"[""andrita studios inc"",""loral skynet"",""loral spacecom corporation"",""playboy enterprises inc"",""playboy entertainment group inc""]","[""andrita studios inc"",""loral skynet"",""loral spacecom corporation"",""playboy enterprises inc"",""playboy entertainment group inc""]",0,false,true,false,false,false,1072341/000116923206002304/d67933_ex102-2.txt
2006,QTR2,1072341,000116923206002304,PLAYBOY ENTERPRISES INC,10-Q,2006-05-10,https://mcc.law.stanford.edu/data/1072341/000116923206002304/d67933_ex103-2.txt,EX-10.3.2,EX-10,text/plain,services,"[""andrita studios inc"",""loral skynet"",""loral spacecom corporation"",""playboy enterprises inc""]","[""andrita studios inc"",""loral skynet"",""loral spacecom corporation"",""playboy enterprises inc""]",0,false,true,false,false,false,1072341/000116923206002304/d67933_ex103-2.txt
2006,QTR2,1072341,000116923206002304,PLAYBOY ENTERPRISES INC,10-Q,2006-05-10,https://mcc.law.stanford.edu/data/1072341/000116923206002304/d67933_ex104-2.txt,EX-10.4.2,EX-10,text/plain,services,"[""intelsat llc"",""loral skynet"",""loral spacecom corporation"",""playboy enterprises inc"",""playboy entertainment group inc""]","[""intelsat llc"",""loral skynet"",""loral spacecom corporation"",""playboy enterprises inc"",""playboy entertainment group inc""]",0,false,true,false,false,false,1072341/000116923206002304/d67933_ex104-2.txt
2006,QTR2,1072341,000116923206002304,PLAYBOY ENTERPRISES INC,10-Q,2006-05-10,https://mcc.law.stanford.edu/data/1072341/000116923206002304/d67933_ex106-2.txt,EX-10.6.2,EX-10,text/plain,services,"[""british telecommunications plc"",""playboy enterprises inc"",""playboy tv uk limited""]","[""british telecommunications plc"",""bt"",""playboy enterprises inc"",""playboy tv uk limited""]",0,false,true,false,false,false,1072341/000116923206002304/d67933_ex106-2.txt
2006,QTR2,1072341,000116923206002304,PLAYBOY ENTERPRISES INC,10-Q,2006-05-10,https://mcc.law.stanford.edu/data/1072341/000116923206002304/d67933_ex107-2.txt,EX-10.7.2,EX-10,text/plain,services,"[""british telecommunications plc"",""playboy enterprises inc"",""playboy tv ukbenelux limited""]","[""british telecommunications plc"",""playboy enterprises inc"",""playboy tv uk/benelux limited""]",0,false,true,false,false,false,1072341/000116923206002304/d67933_ex107-2.txt
2008,QTR2,1072341,000116923208001949,PLAYBOY ENTERPRISES INC,10-Q,2008-05-09,https://mcc.law.stanford.edu/data/1072341/000116923208001949/d74229_ex10-1.txt,EX-10.1,EX-10,text/plain,services,"[""melinda c witmer"",""playboy enterprises inc"",""playboy entertainment group inc"",""time warner cable inc""]","[""melinda c witmer"",""playboy enterprises inc"",""playboy entertainment group inc"",""time warner cable llc""]",0,false,true,false,false,false,1072341/000116923208001949/d74229_ex10-1.txt
2008,QTR2,1072341,000116923208001949,PLAYBOY ENTERPRISES INC,10-Q,2008-05-09,https://mcc.law.stanford.edu/data/1072341/000116923208001949/d74229_ex10-3.txt,EX-10.3,EX-10,text/plain,services,"[""efashion solutions llc"",""efs"",""playboy enterprises inc"",""playboycom inc""]","[""efashion solutions llc"",""efs"",""playboy enterprises inc"",""playboycom inc""]",0,false,true,false,false,false,1072341/000116923208001949/d74229_ex10-3.txt
2001,QTR2,1072546,000095016801500154,PHARMANETICS INC,8-K,2001-04-27,https://mcc.law.stanford.edu/data/1072546/000095016801500154/ex10-28_50650.txt,EX-10.28,EX-10,text/plain,services,"[""bayer corporation"",""bayer diagnostics"",""cardiovascular diagnostics inc"",""pharmanetics inc""]","[""bayer corporation"",""bayer diagnostics"",""cardiovascular diagnostics inc"",""pharmanetics inc""]",0,false,true,true,false,false,1072546/000095016801500154/ex10-28_50650.txt
2001,QTR2,107263,000095013401501075,WILLIAMS COMPANIES INC,8-K,2001-05-03,https://mcc.law.stanford.edu/data/107263/000095013401501075/d86410ex99-2.txt,EX-99.2,EX-99,text/plain,services,"[""williams communications group inc"",""williams companies inc"",""williams group"",""williams international company""]","[""williams communications group inc"",""williams companies inc"",""williams group"",""williams international company""]",0,false,true,true,false,false,107263/000095013401501075/d86410ex99-2.txt
2002,QTR2,1073615,000095014402005498,IASIS HEALTHCARE CORP,10-Q,2002-05-15,https://mcc.law.stanford.edu/data/1073615/000095014402005498/g76274ex10-1.txt,EX-10.1,EX-10,text/plain,services,"[""ahcccs"",""arizona health care cost containment system administration"",""health choice arizona"",""iasis healthcare llc"",""of business and finance""]","[""ahcccs"",""arizona health care cost containment system administration"",""health choice arizona"",""iasis healthcare corp"",""of business and finance""]",0,false,true,false,false,false,1073615/000095014402005498/g76274ex10-1.txt
2001,QTR2,1073794,000095015001500317,DRKOOP COM INC,10-Q,2001-05-15,https://mcc.law.stanford.edu/data/1073794/000095015001500317/a72452ex10-96.txt,EX-10.96,EX-10,text/plain,services,"[""dkc"",""drkoop com inc"",""drkoopcom inc"",""everett koop""]","[""c everett koop"",""dkc"",""drkoop com inc"",""drkoopcom inc"",""md""]",0,false,true,true,false,false,1073794/000095015001500317/a72452ex10-96.txt
2001,QTR2,1074676,000091205701509130,ROWECOM INC,10-K,2001-04-17,https://mcc.law.stanford.edu/data/1074676/000091205701509130/a2043409zex-10_15.txt,EX-10.15,EX-10,text/plain,services,"[""barnesandnoblecom llc"",""rci"",""rowecom inc""]","[""barnesandnoblecom llc"",""bn"",""rci"",""rowecom inc""]",0,false,true,false,false,false,1074676/000091205701509130/a2043409zex-10_15.txt
2001,QTR2,1074676,000091205701509130,ROWECOM INC,10-K,2001-04-17,https://mcc.law.stanford.edu/data/1074676/000091205701509130/a2043409zex-10_16.txt,EX-10.16,EX-10,text/plain,services,"[""barnesandnoblecom llc"",""rci"",""rowecom inc""]","[""barnesandnoblecom llc"",""bn"",""rci"",""rowecom inc""]",0,false,true,false,false,false,1074676/000091205701509130/a2043409zex-10_16.txt
2001,QTR2,1074676,000091205701509130,ROWECOM INC,10-K,2001-04-17,https://mcc.law.stanford.edu/data/1074676/000091205701509130/a2043409zex-10_17.txt,EX-10.17,EX-10,text/plain,services,"[""rowecom inc""]","[""rowecom inc""]",0,false,true,false,false,false,1074676/000091205701509130/a2043409zex-10_17.txt
2001,QTR2,1074676,000091205701509130,ROWECOM INC,10-K,2001-04-17,https://mcc.law.stanford.edu/data/1074676/000091205701509130/a2043409zex-10_18.txt,EX-10.18,EX-10,text/plain,services,"[""barnesandnoblecom llc"",""rci"",""rowecom inc""]","[""barnesandnoblecom inc"",""barnesandnoblecom llc"",""bn"",""rci"",""rowecom inc""]",0,false,true,false,false,false,1074676/000091205701509130/a2043409zex-10_18.txt
2001,QTR2,1074767,000112528201001329,IVILLAGE INC,10-K,2001-04-02,https://mcc.law.stanford.edu/data/1074767/000112528201001329/0001125282-01-001329-0002.txt,EX-10.15,EX-10,text/plain,services,"[""america online inc"",""aol way"",""icp"",""interactive content provider"",""ivillage inc""]","[""america online inc"",""aol way"",""icp"",""interactive content provider"",""ivillage inc""]",0,false,true,false,false,false,1074767/000112528201001329/0001125282-01-001329-0002.txt
2002,QTR2,1074767,000112528202001156,IVILLAGE INC,S-4/A,2002-04-08,https://mcc.law.stanford.edu/data/1074767/000112528202001156/b317596_ex10-34.txt,EX-10.34,EX-10,text/plain,services,"[""com networks llc"",""hearst communications inc"",""ivillage inc"",""womencom llc""]","[""com networks llc"",""hearst communications inc"",""ivillage inc"",""womencom llc""]",0,false,true,true,false,false,1074767/000112528202001156/b317596_ex10-34.txt
2000,QTR2,1074908,000095013000003397,VALLEY MEDIA INC,10-K,2000-06-14,https://mcc.law.stanford.edu/data/1074908/000095013000003397/0000950130-00-003397-0007.txt,EX-10.14.1,EX-10,text/plain,services,"[""loudeye technologies inc"",""valley media inc""]","[""loudeye technologies inc"",""valley media inc""]",0,false,true,true,false,false,1074908/000095013000003397/0000950130-00-003397-0007.txt
2001,QTR2,1078073,000093639201500077,MP3 COM INC,10-Q,2001-04-27,https://mcc.law.stanford.edu/data/1078073/000093639201500077/a71819ex10-33.txt,EX-10.33,EX-10,text/plain,services,"[""howard b wiener"",""mp3 com inc"",""mp3com inc""]","[""howard b wiener"",""mp3 com inc"",""mp3com inc""]",0,false,true,false,false,false,1078073/000093639201500077/a71819ex10-33.txt
2002,QTR2,1078717,000089256902000824,SSP SOLUTIONS INC,10-K,2002-04-16,https://mcc.law.stanford.edu/data/1078717/000089256902000824/a80573ex10-17.txt,EX-10.17,EX-10,text/plain,services,"[""biz interactive zone inc"",""ssp solutions inc"",""wave systems corp""]","[""biz interactive zone"",""ssp solutions inc"",""wave systems corp""]",0,false,true,false,false,false,1078717/000089256902000824/a80573ex10-17.txt
2002,QTR2,1081015,000095014902001084,NEXTCARD INC,10-Q,2002-05-21,https://mcc.law.stanford.edu/data/1081015/000095014902001084/f81348ex10-1.txt,EX-10.1,EX-10,text/plain,services,"[""fdic-r"",""federal deposit insurance corporation"",""nextbank national association"",""nextcard inc"",""office of the comptroller of the currency""]","[""fdic-r"",""federal deposit insurance corporation"",""nextbank national association"",""nextcard inc"",""office of the comptroller of the currency""]",0,false,true,true,false,false,1081015/000095014902001084/f81348ex10-1.txt
2001,QTR2,1081630,000091205701506360,HEALTHGATE DATA CORP,10-K,2001-04-02,https://mcc.law.stanford.edu/data/1081630/000091205701506360/a2043010zex-10_31.txt,EX-10.31,EX-10,text/plain,services,"[""healthgate data corp"",""national broadcasting company inc"",""nbc internet inc"",""nbci""]","[""healthgate data corp"",""nbc internet inc"",""nbci""]",0,false,true,true,false,false,1081630/000091205701506360/a2043010zex-10_31.txt
2001,QTR2,1081630,000091205701506360,HEALTHGATE DATA CORP,10-K,2001-04-02,https://mcc.law.stanford.edu/data/1081630/000091205701506360/a2043010zex-10_33.txt,EX-10.33,EX-10,text/plain,services,"[""blackwell publishers limited"",""healthgate data corp""]","[""blackwell publishers limited"",""healthgate data corp""]",0,false,true,false,false,false,1081630/000091205701506360/a2043010zex-10_33.txt
2001,QTR2,1081630,000091205701515329,HEALTHGATE DATA CORP,10-Q,2001-05-14,https://mcc.law.stanford.edu/data/1081630/000091205701515329/a2048711zex-10_36.txt,EX-10.36,EX-10,text/plain,services,"[""ge medical systems"",""gems"",""general electric company"",""healthgate data corp""]","[""ge medical systems"",""gems"",""general electric company"",""healthgate data corp""]",0,false,true,false,false,false,1081630/000091205701515329/a2048711zex-10_36.txt
2004,QTR2,1081661,000112528204002230,EASYLINK SERVICES CORP,10-Q,2004-05-14,https://mcc.law.stanford.edu/data/1081661/000112528204002230/b331969_ex10-1.txt,EX-10.1,EX-10,text/plain,services,"[""atandt corp"",""easylink services a new york corporation"",""easylink services corporation"",""george frylinck"",""larry bagley corporation"",""maryann allen""]","[""atandt corp"",""easylink services a new york corporation"",""easylink services corp"",""george frylinck"",""larry bagley corporation"",""maryann allen""]",0,false,true,true,false,false,1081661/000112528204002230/b331969_ex10-1.txt
2001,QTR2,1082337,000093041301500519,E LOAN INC,10-Q,2001-05-14,https://mcc.law.stanford.edu/data/1082337/000093041301500519/c20960_ex10-19.txt,EX-10.19,EX-10,text/plain,services,"[""e-loan"",""loan inc"",""pmi mortgage services co""]","[""e loan inc"",""e-loan"",""pmi mortgage services co""]",0,false,true,false,false,false,1082337/000093041301500519/c20960_ex10-19.txt
2001,QTR2,1082337,000093041301500519,E LOAN INC,10-Q,2001-05-14,https://mcc.law.stanford.edu/data/1082337/000093041301500519/c20960_ex10-2.txt,EX-10.2,EX-10,text/plain,services,"[""charles schwab and co inc"",""e-loan inc"",""loan inc""]","[""charles schwab and co inc"",""e loan inc"",""e-loan inc""]",0,false,true,false,false,false,1082337/000093041301500519/c20960_ex10-2.txt
2001,QTR2,1082337,000093041301500519,E LOAN INC,10-Q,2001-05-14,https://mcc.law.stanford.edu/data/1082337/000093041301500519/c20960_ex10-20.txt,EX-10.20,EX-10,text/plain,services,"[""e-loan"",""loan inc"",""pmi mortgage services co""]","[""e loan inc"",""e-loan"",""pmi mortgage services co""]",0,false,true,false,false,false,1082337/000093041301500519/c20960_ex10-20.txt
2001,QTR2,1082337,000093041301500519,E LOAN INC,10-Q,2001-05-14,https://mcc.law.stanford.edu/data/1082337/000093041301500519/c20960_ex10-5.txt,EX-10.5,EX-10,text/plain,services,"[""e-loan"",""loan inc"",""pmi mortgage services co""]","[""e loan inc"",""e-loan"",""pmi mortgage services co""]",0,false,true,false,false,false,1082337/000093041301500519/c20960_ex10-5.txt
2001,QTR2,1084075,000101172301500013,WNC HOUSING TAX CREDIT FUND VI LP SERIES 8,8-K,2001-04-27,https://mcc.law.stanford.edu/data/1084075/000101172301500013/butlerlpa8k.txt,EX-10,EX-10,text/plain,services,"[""butler plaza apts ii lp"",""wnc housing tax credit fund vi lp series 9""]","[""butler plaza apts ii lp"",""wnc housing tax credit fund vi lp series 8""]",0,false,true,true,false,false,1084075/000101172301500013/butlerlpa8k.txt
2001,QTR2,1084075,000101172301500031,WNC HOUSING TAX CREDIT FUND VI LP SERIES 8,8-K,2001-06-06,https://mcc.law.stanford.edu/data/1084075/000101172301500031/wmainlpa.txt,EX-10,EX-10,text/plain,services,"[""wnc housing tax credit fund vi lp series 9""]","[""wnc housing tax credit fund vi lp series 8""]",0,false,true,true,false,false,1084075/000101172301500031/wmainlpa.txt
2001,QTR2,1084681,000091664101500659,APPLE SUITES INC,8-K/A,2001-06-28,https://mcc.law.stanford.edu/data/1084681/000091664101500659/dex103.txt,EX-10.3,EX-10,text/plain,services,"[""apple suites inc"",""apple suites management inc"",""promus hotels inc""]","[""apple suites inc"",""apple suites management inc"",""promus hotels inc""]",0,false,true,false,false,false,1084681/000091664101500659/dex103.txt
2001,QTR2,1084681,000091664101500659,APPLE SUITES INC,8-K/A,2001-06-28,https://mcc.law.stanford.edu/data/1084681/000091664101500659/dex104.txt,EX-10.4,EX-10,text/plain,services,"[""apple suites inc"",""apple suites management inc"",""atla"",""homewood suites"",""promus hotels inc""]","[""apple suites inc"",""apple suites management inc"",""atla"",""homewood suites"",""promus hotels inc""]",0,false,true,false,false,false,1084681/000091664101500659/dex104.txt
2002,QTR2,1084681,000092838502001249,APPLE SUITES INC,8-K/A,2002-04-01,https://mcc.law.stanford.edu/data/1084681/000092838502001249/dex1010.txt,EX-10.10,EX-10,text/plain,services,"[""apple suites inc"",""apple suites management inc"",""promus hotels inc""]","[""apple suites inc"",""apple suites management inc"",""promus hotels inc""]",0,false,true,false,false,false,1084681/000092838502001249/dex1010.txt
2002,QTR2,1084681,000092838502001249,APPLE SUITES INC,8-K/A,2002-04-01,https://mcc.law.stanford.edu/data/1084681/000092838502001249/dex102.txt,EX-10.2,EX-10,text/plain,services,"[""apple suites inc"",""apple suites management inc"",""promus hotels inc""]","[""apple suites inc"",""apple suites management"",""promus hotels inc""]",0,false,true,false,false,false,1084681/000092838502001249/dex102.txt
2002,QTR2,1084681,000092838502001249,APPLE SUITES INC,8-K/A,2002-04-01,https://mcc.law.stanford.edu/data/1084681/000092838502001249/dex106.txt,EX-10.6,EX-10,text/plain,services,"[""apple suites inc"",""apple suites management inc"",""promus hotels inc""]","[""apple suites inc"",""apple suites management"",""promus hotels inc""]",0,false,true,false,false,false,1084681/000092838502001249/dex106.txt
2005,QTR2,1084828,000114420405017144,COMPUPRINT INC,8-K,2005-05-25,https://mcc.law.stanford.edu/data/1084828/000114420405017144/v019134_ex10-10.txt,EX-10.10,EX-10,text/plain,services,"[""compuprint inc"",""institute of geoinformational analysis of the earth"",""terra insight corporation"",""tic""]","[""compuprint inc"",""institute of geoinformational analysis of the earth"",""terra insight corporation"",""tic""]",0,false,true,true,false,false,1084828/000114420405017144/v019134_ex10-10.txt
2002,QTR2,1085223,000108522302000015,SWITCHBOARD INC,10-Q,2002-05-09,https://mcc.law.stanford.edu/data/1085223/000108522302000015/ex10_7.txt,EX-10,EX-10,text/plain,services,"[""america online inc"",""aol"",""switchboard inc"",""switchboard incorporated""]","[""america online inc"",""aol"",""switchboard inc"",""switchboard incorporated""]",0,false,true,false,false,false,1085223/000108522302000015/ex10_7.txt
2002,QTR2,1085223,000108522302000015,SWITCHBOARD INC,10-Q,2002-05-09,https://mcc.law.stanford.edu/data/1085223/000108522302000015/ex10_8.txt,EX-10,EX-10,text/plain,services,"[""america online inc"",""aol"",""switchboard inc""]","[""america online inc"",""aol"",""switchboard inc""]",0,false,true,false,false,false,1085223/000108522302000015/ex10_8.txt
2002,QTR2,1086600,000095012902001677,ALLIANCE RESOURCE PARTNERS LP,10-K,2002-04-01,https://mcc.law.stanford.edu/data/1086600/000095012902001677/h95100ex10-28.txt,EX-10.28,EX-10,text/plain,services,"[""alliance resource partners lp"",""hopkins county coal llc"",""synfuel solutions operating llc""]","[""alliance resource partners lp"",""hopkins county coal llc"",""synfuel solutions operating llc""]",0,false,true,false,false,false,1086600/000095012902001677/h95100ex10-28.txt
2003,QTR2,1086600,000095012903002573,ALLIANCE RESOURCE PARTNERS LP,10-Q,2003-05-09,https://mcc.law.stanford.edu/data/1086600/000095012903002573/h05676exv10w39.txt,EX-10.39,EX-10,text/plain,services,"[""alliance coal llc"",""alliance resource partners lp"",""seminole electric cooperative inc"",""webster county coal llc"",""white county coal llc""]","[""alliance coal llc"",""alliance resource partners lp"",""seminole electric cooperative inc"",""webster county coal corporation"",""webster county coal llc"",""white county coal corporation"",""white county coal llc""]",0,false,true,true,false,false,1086600/000095012903002573/h05676exv10w39.txt
2003,QTR2,1086844,000108684403000029,AIRGATE PCS INC  DE ,10-Q,2003-05-15,https://mcc.law.stanford.edu/data/1086844/000108684403000029/exhibit10_1.txt,EX-10,EX-10,text/plain,services,"[""airgate pcs inc de"",""airgate service company inc"",""ipcs inc"",""ipcs wireless inc""]","[""airgate pcs inc de"",""airgate service company inc"",""ipcs inc"",""ipcs wireless inc""]",0,false,true,false,false,false,1086844/000108684403000029/exhibit10_1.txt
2003,QTR2,1088022,000095014403008159,INTERNET PICTURES CORP,8-K,2003-06-30,https://mcc.law.stanford.edu/data/1088022/000095014403008159/g83605exv10w1.txt,EX-10.1,EX-10,text/plain,services,"[""ebay inc"",""internet pictures corporation"",""ipix""]","[""ebay inc"",""internet pictures corp"",""internet pictures corporation"",""ipix""]",0,false,true,false,false,false,1088022/000095014403008159/g83605exv10w1.txt
2002,QTR2,1088118,000089256902000982,HORSESHOE GAMING HOLDING CORP,10-Q,2002-05-07,https://mcc.law.stanford.edu/data/1088118/000089256902000982/a81370ex10-1.txt,EX-10.1,EX-10,text/plain,services,"[""city of hammond port authority"",""city of hammond redevelopment authority"",""department of development"",""empress casino hammond corporation"",""horseshoe gaming holding corp"",""horseshoe hammond inc""]","[""city of hammond port authority"",""city of hammond redevelopment authority"",""department of redevelopment"",""empress casino hammond corporation"",""horseshoe gaming holding corp"",""horseshoe hammond inc""]",0,false,true,false,false,false,1088118/000089256902000982/a81370ex10-1.txt
2002,QTR2,1088825,000101287002001633,TIVO INC,10-K,2002-04-03,https://mcc.law.stanford.edu/data/1088825/000101287002001633/dex106.txt,EX-10.6,EX-10,text/plain,services,"[""directv inc"",""tivo inc""]","[""directv inc"",""tivo inc""]",0,false,true,false,false,false,1088825/000101287002001633/dex106.txt
2002,QTR2,1089472,000095012902001935,EAST COAST POWER LLC,10-K,2002-04-15,https://mcc.law.stanford.edu/data/1089472/000095012902001935/h94727ex10-j.txt,EX-10.J,EX-10,text/plain,services,"[""cogen technologies"",""cogen technologies linden ltd"",""cogen technologies linden venture lp"",""consolidated edison co of new york inc"",""east coast power llc""]","[""cogen technologies inc"",""cogen technologies linden ltd"",""cogen-technologies linden venture lp"",""consolidated edison company of new york inc"",""east coast power llc""]",0,false,true,false,false,false,1089472/000095012902001935/h94727ex10-j.txt
2001,QTR2,1090710,000101706201500119,EMACHINES INC  DE ,8-K,2001-04-27,https://mcc.law.stanford.edu/data/1090710/000101706201500119/dex9912.txt,EX-99.12,EX-99,text/plain,services,"[""america online inc"",""aol"",""emachines inc de""]","[""america online inc"",""aol"",""emachines inc de""]",0,false,true,false,false,false,1090710/000101706201500119/dex9912.txt
2003,QTR2,1090908,000089161803003351,SELECTICA INC,10-K,2003-06-30,https://mcc.law.stanford.edu/data/1090908/000089161803003351/f90966exv10w30.txt,EX-10.30,EX-10,text/plain,services,"[""ge medical services"",""selectica inc""]","[""ge medical services"",""selectica inc""]",0,false,true,false,false,false,1090908/000089161803003351/f90966exv10w30.txt
2003,QTR2,1090908,000089161803003351,SELECTICA INC,10-K,2003-06-30,https://mcc.law.stanford.edu/data/1090908/000089161803003351/f90966exv10w31.txt,EX-10.31,EX-10,text/plain,services,"[""ibm"",""international business machines corporation"",""selectica inc""]","[""ibm"",""international business machines corporation"",""selectica inc""]",0,false,true,false,false,false,1090908/000089161803003351/f90966exv10w31.txt
2001,QTR2,1091735,000092962401500315,PACER INTERNATIONAL INC TN,10-Q,2001-05-17,https://mcc.law.stanford.edu/data/1091735/000092962401500315/dex101.txt,EX-10.1,EX-10,text/plain,services,"[""csx intermodal inc"",""csxi"",""pacer international inc""]","[""csx intermodal inc"",""csxi"",""pacer international inc tn""]",0,false,true,false,false,false,1091735/000092962401500315/dex101.txt
2001,QTR2,1092536,000101968701000471,FASTNET CORP,10-K,2001-04-02,https://mcc.law.stanford.edu/data/1092536/000101968701000471/0001019687-01-000471-0003.txt,EX-10.12,EX-10,text/plain,services,"[""fastnet corp"",""fastnet corporation"",""microsoft corporation"",""webtv networks inc"",""wni"",""you tools corporation""]","[""fastnet corp"",""fastnet corporation"",""microsoft corporation"",""webtv networks inc"",""wni"",""you tools corporation""]",0,false,true,false,false,false,1092536/000101968701000471/0001019687-01-000471-0003.txt
2003,QTR2,1094007,000095016803001801,RAINMAKER SYSTEMS INC,10-Q,2003-05-15,https://mcc.law.stanford.edu/data/1094007/000095016803001801/dex1029.txt,EX-10.29,EX-10,text/plain,services,"[""dell products"",""martin hernandez"",""michael sheehan"",""rainmaker systems inc""]","[""dell products lp"",""martin hernandez"",""michael sheehan"",""rainmaker systems inc""]",0,false,true,false,false,false,1094007/000095016803001801/dex1029.txt
2001,QTR2,1094007,000102140801500529,RAINMAKER SYSTEMS INC,10-Q,2001-05-02,https://mcc.law.stanford.edu/data/1094007/000102140801500529/dex1026.txt,EX-10.26,EX-10,text/plain,services,"[""rainmaker systems inc"",""sybase inc""]","[""rainmaker systems inc"",""sybase inc""]",0,false,true,false,false,false,1094007/000102140801500529/dex1026.txt
2002,QTR2,1094831,000095013602000955,ESPEED INC,10-K,2002-04-01,https://mcc.law.stanford.edu/data/1094831/000095013602000955/file003.txt,EX-10.4,EX-10,text/plain,services,"[""cantor fitzgerald lp"",""espeed inc""]","[""cantor fitzgerald lp"",""espeed inc""]",0,false,true,true,false,false,1094831/000095013602000955/file003.txt
2000,QTR2,1094983,000094018000000750,MATTRESS DISCOUNTERS CORP,S-4/A,2000-06-22,https://mcc.law.stanford.edu/data/1094983/000094018000000750/0000940180-00-000750-0004.txt,EX-10.5,EX-10,text/plain,services,"[""heilig-meyers company"",""mattress discounters corporation"",""sealy inc"",""tjb inc""]","[""heilig-meyers company"",""mattress discounters corp"",""mattress discounters corporation"",""sealy inc"",""tjb inc""]",0,false,true,false,false,false,1094983/000094018000000750/0000940180-00-000750-0004.txt
2000,QTR2,1094983,000094018000000750,MATTRESS DISCOUNTERS CORP,S-4/A,2000-06-22,https://mcc.law.stanford.edu/data/1094983/000094018000000750/0000940180-00-000750-0005.txt,EX-10.6,EX-10,text/plain,services,"[""mattress discounters corporation"",""sealy inc""]","[""mattress discounters corp"",""sealy inc""]",0,false,true,false,false,false,1094983/000094018000000750/0000940180-00-000750-0005.txt
2000,QTR2,1094983,000094018000000750,MATTRESS DISCOUNTERS CORP,S-4/A,2000-06-22,https://mcc.law.stanford.edu/data/1094983/000094018000000750/0000940180-00-000750-0006.txt,EX-10.7,EX-10,text/plain,services,"[""jon studner"",""mattress discounters corporation"",""sealy inc""]","[""jon studner"",""mattress discounters corp"",""sealy inc""]",0,false,true,false,false,false,1094983/000094018000000750/0000940180-00-000750-0006.txt
2000,QTR2,1094983,000094018000000750,MATTRESS DISCOUNTERS CORP,S-4/A,2000-06-22,https://mcc.law.stanford.edu/data/1094983/000094018000000750/0000940180-00-000750-0007.txt,EX-10.8,EX-10,text/plain,services,"[""mattress discounters corporation"",""sealy inc""]","[""mattress -------- discounters corporation"",""mattress discounters corp"",""mattress discounters corporation"",""sealy inc""]",0,false,true,false,false,false,1094983/000094018000000750/0000940180-00-000750-0007.txt
2000,QTR2,1094983,000094018000000750,MATTRESS DISCOUNTERS CORP,S-4/A,2000-06-22,https://mcc.law.stanford.edu/data/1094983/000094018000000750/0000940180-00-000750-0009.txt,EX-10.10,EX-10,text/plain,services,"[""heilig-meyers company"",""mattress discounters corporation"",""nbc acquisition corp""]","[""heilig-meyers company"",""mattress discounters corp"",""mattress discounters corporation"",""md acquisition corporation""]",0,false,true,false,false,false,1094983/000094018000000750/0000940180-00-000750-0009.txt
2002,QTR2,1095079,000089256902001107,ARTISTDIRECT INC,10-Q,2002-05-15,https://mcc.law.stanford.edu/data/1095079/000089256902001107/a81726ex10-35.txt,EX-10.35,EX-10,text/plain,services,"[""artistdirect inc"",""ticketmaster online-citysearch inc"",""tmcs""]","[""ad"",""artistdirect inc"",""ticketmaster online-citysearch inc"",""tmcs""]",0,false,true,false,false,false,1095079/000089256902001107/a81726ex10-35.txt
2006,QTR2,1095355,000095012906003895,NORTHERN BORDER PIPELINE CO,8-K,2006-04-12,https://mcc.law.stanford.edu/data/1095355/000095012906003895/h34683bexv10w1.txt,EX-10.1,EX-10,text/plain,services,"[""northern border pipeline company"",""northern plains natural gas company llc""]","[""northern border pipeline co"",""northern border pipeline company"",""northern plains natural gas company llc""]",0,false,true,false,false,false,1095355/000095012906003895/h34683bexv10w1.txt
2002,QTR2,1095480,000102140802007257,NETRATINGS INC,10-Q,2002-05-15,https://mcc.law.stanford.edu/data/1095480/000102140802007257/dex1038.txt,EX-10.38,EX-10,text/plain,services,"[""netratings inc"",""nielsen media research inc""]","[""netratings inc"",""nielsen media research inc""]",0,false,true,false,false,false,1095480/000102140802007257/dex1038.txt
2001,QTR2,1096219,000089161801500773,NEOFORMA COM INC,10-Q,2001-05-15,https://mcc.law.stanford.edu/data/1096219/000089161801500773/f72110ex10-4.txt,EX-10.4,EX-10,text/plain,services,"[""healthcare purchasing partners international llc"",""neoforma com inc"",""neoformacom inc"",""novation llc"",""university healthsystem consortium"",""vha inc""]","[""healthcare purchasing partners international llc"",""neoforma com inc"",""neoformacom inc"",""novation llc"",""university healthsystem consortium"",""vha inc""]",0,false,true,true,false,false,1096219/000089161801500773/f72110ex10-4.txt
2001,QTR2,1096512,000101706201500539,INFONET SERVICES CORP,10-K,2001-06-28,https://mcc.law.stanford.edu/data/1096512/000101706201500539/dex1014.txt,EX-10.14,EX-10,text/plain,services,"[""aucs communications services nv"",""ics"",""infonet services corporation"",""telia ab""]","[""aucs --- communications services vof"",""aucs communications ---- services nv"",""ics"",""infonet services corp"",""infonet services corporation"",""telia ab""]",0,false,true,false,false,false,1096512/000101706201500539/dex1014.txt
2003,QTR2,1097313,000095012903002802,GRANT PRIDECO INC,10-Q,2003-05-15,https://mcc.law.stanford.edu/data/1097313/000095012903002802/h06049exv10w1.txt,EX-10.1,EX-10,text/plain,services,"[""burt"",""grant prideco inc"",""weatherford international plc""]","[""burt"",""grant prideco inc"",""weatherford international inc""]",0,false,true,false,false,false,1097313/000095012903002802/h06049exv10w1.txt
2001,QTR2,1097722,000095013601500327,ALAMOSA DELAWARE INC,S-4,2001-05-09,https://mcc.law.stanford.edu/data/1097722/000095013601500327/file014.txt,EX-10.49,EX-10,text/plain,services,"[""alamosa delaware inc"",""southwest pcs lp"",""sprint spectrum lp wirelessco lp""]","[""alamosa delaware inc"",""southwest pcs lp"",""sprint spectrum lp wirelessco lp""]",0,false,true,true,false,false,1097722/000095013601500327/file014.txt
2005,QTR2,1100270,000095016205000358,KRISPY KREME DOUGHNUTS INC,8-K,2005-04-06,https://mcc.law.stanford.edu/data/1100270/000095016205000358/krispynew8k-040605ex101.txt,EX-10.1,EX-10,text/plain,services,"[""krispy kreme doughnuts inc"",""kroll zolfo cooper llc"",""kzc"",""stephen f cooper"",""steven g panagos""]","[""krispy kreme doughnuts inc"",""kroll zolfo cooper llc"",""kzc"",""stephen f cooper"",""steven g panagos""]",0,false,true,false,false,false,1100270/000095016205000358/krispynew8k-040605ex101.txt
2003,QTR2,1100395,000095014403004710,AMERICA ONLINE LATIN AMERICA INC,10-K/A,2003-04-09,https://mcc.law.stanford.edu/data/1100395/000095014403004710/g81652aexv10w51.txt,EX-10.51,EX-10,text/plain,services,"[""america online latin america inc"",""aol brasil ltda"",""embratel"",""empresa brasileira de telecomunicacoes s""]","[""america online latin america inc"",""aol brasil ltda"",""embratel"",""empresa brasileira de telecomunicacoes s""]",0,false,true,false,false,false,1100395/000095014403004710/g81652aexv10w51.txt
2002,QTR2,1100962,000095012302005128,ENDO PHARMACEUTICALS HOLDINGS INC,10-Q,2002-05-14,https://mcc.law.stanford.edu/data/1100962/000095012302005128/y60437ex10-18.txt,EX-10.18,EX-10,text/plain,services,"[""endo pharmaceuticals holdings inc"",""endo pharmaceuticals inc"",""penwest pharmaceuticals co""]","[""endo pharmaceuticals holdings inc"",""endo pharmaceuticals inc"",""penwest pharmaceuticals co""]",0,false,true,true,false,false,1100962/000095012302005128/y60437ex10-18.txt
2001,QTR2,1101268,000089322001000413,GOAMERICA INC,10-K,2001-04-02,https://mcc.law.stanford.edu/data/1101268/000089322001000413/w46736ex10-27.txt,EX-10.27,EX-10,text/plain,services,"[""goamerica communications corporation"",""goamerica inc"",""metricom inc""]","[""goamerica communications corporation"",""goamerica inc"",""metricom inc""]",0,false,true,false,false,false,1101268/000089322001000413/w46736ex10-27.txt
2001,QTR2,1101268,000089322001000413,GOAMERICA INC,10-K,2001-04-02,https://mcc.law.stanford.edu/data/1101268/000089322001000413/w46736ex10-29.txt,EX-10.29,EX-10,text/plain,services,"[""goamerica inc"",""sierra wireless data inc"",""swd""]","[""goamerica inc"",""sierra wireless data inc"",""swd""]",0,false,true,false,false,false,1101268/000089322001000413/w46736ex10-29.txt
2001,QTR2,1101268,000089322001000413,GOAMERICA INC,10-K,2001-04-02,https://mcc.law.stanford.edu/data/1101268/000089322001000413/w46736ex10-31.txt,EX-10.31,EX-10,text/plain,services,"[""data strategy and development"",""goamerica inc"",""john russell""]","[""data strategy and development"",""goamerica inc"",""john russell""]",0,false,true,false,false,false,1101268/000089322001000413/w46736ex10-31.txt
2001,QTR2,1101268,000089322001000413,GOAMERICA INC,10-K,2001-04-02,https://mcc.law.stanford.edu/data/1101268/000089322001000413/w46736ex10-32.txt,EX-10.32,EX-10,text/plain,services,"[""airbridge"",""bell atlantic mobile"",""cellco"",""goamerica communications corporation"",""goamerica inc""]","[""airbridge"",""bell atlantic mobile"",""cellco"",""goamerica communications corporation"",""goamerica inc""]",0,false,true,false,false,false,1101268/000089322001000413/w46736ex10-32.txt
2001,QTR2,1101268,000089322001000413,GOAMERICA INC,10-K,2001-04-02,https://mcc.law.stanford.edu/data/1101268/000089322001000413/w46736ex10-33.txt,EX-10.33,EX-10,text/plain,services,"[""airbridge"",""bell atlantic mobile"",""cellco"",""goamerica communications corporation"",""goamerica inc""]","[""airbridge"",""bell atlantic mobile"",""cellco"",""goamerica communications corporation"",""goamerica inc""]",0,false,true,false,false,false,1101268/000089322001000413/w46736ex10-33.txt
2001,QTR2,1101268,000089322001000413,GOAMERICA INC,10-K,2001-04-02,https://mcc.law.stanford.edu/data/1101268/000089322001000413/w46736ex10-34.txt,EX-10.34,EX-10,text/plain,services,"[""airbridge"",""cellco"",""goamerica communications corporation"",""goamerica inc"",""verizon wireless""]","[""airbridge"",""cellco"",""goamerica communications corporation"",""goamerica inc"",""verizon wireless""]",0,false,true,false,false,false,1101268/000089322001000413/w46736ex10-34.txt
2001,QTR2,1101268,000089322001000413,GOAMERICA INC,10-K,2001-04-02,https://mcc.law.stanford.edu/data/1101268/000089322001000413/w46736ex10-35.txt,EX-10.35,EX-10,text/plain,services,"[""bellsouth wireless data lp"",""goamerica communications corporation"",""goamerica inc""]","[""bellsouth wireless data l"",""goamerica communications corporation"",""goamerica inc""]",0,false,true,false,false,false,1101268/000089322001000413/w46736ex10-35.txt
2001,QTR2,1101268,000089322001000413,GOAMERICA INC,10-K,2001-04-02,https://mcc.law.stanford.edu/data/1101268/000089322001000413/w46736ex10-36.txt,EX-10.36,EX-10,text/plain,services,"[""bellsouth wireless data lp"",""goamerica communications corporation"",""goamerica inc""]","[""bellsouth wireless data lp"",""goamerica communications corporation"",""goamerica inc""]",0,false,true,false,false,false,1101268/000089322001000413/w46736ex10-36.txt
2001,QTR2,1101268,000089322001000413,GOAMERICA INC,10-K,2001-04-02,https://mcc.law.stanford.edu/data/1101268/000089322001000413/w46736ex10-41.txt,EX-10.41,EX-10,text/plain,services,"[""data general"",""goamerica communications corporation"",""goamerica inc""]","[""data general"",""dg"",""goamerica communications corporation"",""goamerica inc""]",0,false,true,false,false,false,1101268/000089322001000413/w46736ex10-41.txt
2002,QTR2,1101851,000111650202000678,CREDIT STORE INC,10-Q,2002-05-15,https://mcc.law.stanford.edu/data/1101851/000111650202000678/ex-bankcardmarketing.txt,EX-10.32(1),EX-10,text/plain,services,"[""bank of hoven"",""credit store inc"",""plains commerce bank""]","[""bank of hoven"",""credit store inc"",""plains commerce bank f/k/a"",""the credit store inc""]",0,false,true,false,false,false,1101851/000111650202000678/ex-bankcardmarketing.txt
2002,QTR2,1101851,000111650202000678,CREDIT STORE INC,10-Q,2002-05-15,https://mcc.law.stanford.edu/data/1101851/000111650202000678/ex8modeling_agrmt.txt,EX-10.10(8),EX-10,text/plain,services,"[""bte"",""credit store inc"",""riskwise llc"",""tcs""]","[""a bte"",""credit store inc"",""riskwise llc"",""tcs"",""the credit store inc""]",0,false,true,false,false,false,1101851/000111650202000678/ex8modeling_agrmt.txt
2003,QTR2,1102706,000094935303000263,IMA EXPLORATION INC,20-F,2003-05-16,https://mcc.law.stanford.edu/data/1102706/000094935303000263/exh4_49.txt,EX-10,EX-10,text/plain,services,"[""ima exploration inc"",""juan demetrio lirio jr"",""lir-fer construcciones s""]","[""ima exploration inc"",""juan demetrio lirio jr"",""lir-fer construcciones srl""]",0,false,true,false,false,false,1102706/000094935303000263/exh4_49.txt
2003,QTR2,1102706,000094935303000263,IMA EXPLORATION INC,20-F,2003-05-16,https://mcc.law.stanford.edu/data/1102706/000094935303000263/exh4_51.txt,EX-10,EX-10,text/plain,services,"[""grosso"",""ima exploration inc"",""ima resource corporation"",""oxbow international marketing corp""]","[""grosso"",""ima exploration inc"",""ima resource corporation"",""oxbow international marketing corp""]",0,false,true,false,false,false,1102706/000094935303000263/exh4_51.txt
2003,QTR2,1102706,000094935303000263,IMA EXPLORATION INC,20-F,2003-05-16,https://mcc.law.stanford.edu/data/1102706/000094935303000263/exh4_52.txt,EX-10,EX-10,text/plain,services,"[""gerald g carlson cooper ridge explorations inc"",""gerry"",""ima exploration inc"",""kge managmeent ltd""]","[""gerald g carlson copper ridge explorations inc"",""gerry"",""ima exploration inc"",""kge managmeent ltd""]",0,false,true,false,false,false,1102706/000094935303000263/exh4_52.txt
2003,QTR2,1102706,000094935303000263,IMA EXPLORATION INC,20-F,2003-05-16,https://mcc.law.stanford.edu/data/1102706/000094935303000263/exh4_53.txt,EX-10,EX-10,text/plain,services,"[""gerald g carlson cooper ridge explorations inc"",""gerry"",""ima exploration inc"",""kge management ltd""]","[""gerald g carlson cooper ridge explorations inc"",""gerry"",""ima exploration inc"",""kge management ltd""]",0,false,true,false,false,false,1102706/000094935303000263/exh4_53.txt
2003,QTR2,1102706,000094935303000263,IMA EXPLORATION INC,20-F,2003-05-16,https://mcc.law.stanford.edu/data/1102706/000094935303000263/exh4_55.txt,EX-10,EX-10,text/plain,services,"[""ima exploration inc"",""ima resource corporation"",""oxbow international marketing corp""]","[""ima exploration inc"",""ima resource corporation"",""oxbow international marketing corp""]",0,false,true,false,false,false,1102706/000094935303000263/exh4_55.txt
2004,QTR2,1102706,000094935304000351,IMA EXPLORATION INC,20-F,2004-06-23,https://mcc.law.stanford.edu/data/1102706/000094935304000351/amera-loi.txt,EX-10,EX-10,text/plain,services,"[""amera resources corporation"",""ima exploration inc"",""isabel chiarantano""]","[""amera resources corporation"",""ima exploration inc"",""isabel chiarantano""]",0,false,true,false,false,false,1102706/000094935304000351/amera-loi.txt
2004,QTR2,1102706,000094935304000351,IMA EXPLORATION INC,20-F,2004-06-23,https://mcc.law.stanford.edu/data/1102706/000094935304000351/cacos-agmt.txt,EX-10,EX-10,text/plain,services,"[""ima exploration inc"",""niko cacos"",""nikolaos cacos""]","[""ima exploration inc"",""niko cacos"",""nikolaos cacos""]",0,false,true,false,false,false,1102706/000094935304000351/cacos-agmt.txt
2006,QTR2,1102706,000094935306000298,IMA EXPLORATION INC,20-F,2006-05-08,https://mcc.law.stanford.edu/data/1102706/000094935306000298/exh4-72_agmt.txt,EX-10,EX-10,text/plain,services,"[""gerald carlson"",""gerry"",""ima exploration inc"",""kge management ltd""]","[""gerald carlson"",""gerry"",""ima exploration inc"",""kge management ltd""]",0,false,true,false,false,false,1102706/000094935306000298/exh4-72_agmt.txt
2001,QTR2,1102754,000089155401501816,PARTSBASE COM INC,10-K,2001-04-02,https://mcc.law.stanford.edu/data/1102754/000089155401501816/d25317_ex10-15.txt,EX-10.15,EX-10,text/plain,services,"[""partsbase com inc"",""partsbasecom inc"",""usa information systems inc"",""usais""]","[""partsbase com inc"",""partsbasecom inc"",""usa information systems inc"",""usais""]",0,false,true,false,false,false,1102754/000089155401501816/d25317_ex10-15.txt
2004,QTR2,1102934,000095013704003748,CABOT MICROELECTRONICS CORP,10-Q,2004-05-07,https://mcc.law.stanford.edu/data/1102934/000095013704003748/c84500exv10w40.txt,EX-10.40,EX-10,text/plain,services,"[""cabot corporation"",""cabot microelectronics corporation"",""cmc""]","[""cabot corporation"",""cabot microelectronics corp"",""cabot microelectronics corporation"",""cmc""]",0,false,true,false,false,false,1102934/000095013704003748/c84500exv10w40.txt
2004,QTR2,1102934,000095013704003748,CABOT MICROELECTRONICS CORP,10-Q,2004-05-07,https://mcc.law.stanford.edu/data/1102934/000095013704003748/c84500exv10w41.txt,EX-10.41,EX-10,text/plain,services,"[""cabot corporation"",""cabot microelectronics corporation"",""cmc""]","[""cabot corporation"",""cabot microelectronics corp"",""cabot microelectronics corporation"",""cmc""]",0,false,true,false,false,false,1102934/000095013704003748/c84500exv10w41.txt
2003,QTR2,1105705,000095014403004903,AOL TIME WARNER INC,8-K,2003-04-14,https://mcc.law.stanford.edu/data/1105705/000095014403004903/g81986exv2w3.txt,EX-2.3,EX-2,text/plain,services,"[""aol time warner inc"",""moth holdings inc"",""time warner entertainment company"",""warner communications inc""]","[""aol time warner inc"",""moth holdings inc"",""time warner entertainment company l"",""warner communications inc""]",0,false,true,true,false,false,1105705/000095014403004903/g81986exv2w3.txt
2002,QTR2,1107067,000089161802002414,ONI SYSTEMS CORP,10-Q,2002-05-15,https://mcc.law.stanford.edu/data/1107067/000089161802002414/f81618ex10-01.txt,EX-10.01,EX-10,text/plain,services,"[""george reyes"",""oni systems corp""]","[""george reyes"",""oni systems corp""]",0,false,true,false,false,false,1107067/000089161802002414/f81618ex10-01.txt
2000,QTR2,1108205,000092701600002067,CURIS INC,S-4/A,2000-06-02,https://mcc.law.stanford.edu/data/1108205/000092701600002067/0000927016-00-002067-0009.txt,EX-10.40,EX-10,text/plain,services,"[""biogen inc"",""curis inc"",""ontogeny inc""]","[""biogen inc"",""curis inc"",""ontogeny inc""]",0,false,true,true,false,false,1108205/000092701600002067/0000927016-00-002067-0009.txt
2001,QTR2,1108915,000092735601500115,GENOMICA CORP  DE ,10-Q,2001-05-11,https://mcc.law.stanford.edu/data/1108915/000092735601500115/dex1017.txt,EX-10.17,EX-10,text/plain,services,"[""genomica corp de"",""genomica corporation"",""pe biosystems"",""pe corporation""]","[""genomica corp de"",""genomica corporation"",""pe biosystems"",""pe corporation""]",0,false,true,false,false,false,1108915/000092735601500115/dex1017.txt
2002,QTR2,1110700,000089155402001819,AVANTGO INC,10-K,2002-04-01,https://mcc.law.stanford.edu/data/1110700/000089155402001819/d50108_exh10-40.txt,EX-10.40,EX-10,text/plain,services,"[""avantgo inc"",""microsoft corporation""]","[""avantgo inc"",""microsoft corporation""]",0,false,true,false,false,false,1110700/000089155402001819/d50108_exh10-40.txt
2002,QTR2,1110794,000091205702013090,GENUITY INC,10-K,2002-04-01,https://mcc.law.stanford.edu/data/1110794/000091205702013090/a2074242zex-10_41.txt,EX-10.41,EX-10,text/plain,services,"[""america online inc"",""aol"",""bbn corporation"",""genuity inc"",""genuity solutions inc""]","[""america online inc"",""aol"",""bbn corporation"",""genuity inc"",""genuity solutions inc""]",0,false,true,false,false,false,1110794/000091205702013090/a2074242zex-10_41.txt
2001,QTR2,1110803,000109581101501852,ILLUMINA INC,10-Q,2001-05-08,https://mcc.law.stanford.edu/data/1110803/000109581101501852/a72149ex10-13.txt,EX-10.13,EX-10,text/plain,services,"[""applied biosystems group"",""illumina inc"",""pe biosystems group"",""pe corporation"",""peb""]","[""applied biosystems group"",""illumina inc"",""pe biosystems group"",""pe corporation"",""peb""]",0,false,true,false,false,false,1110803/000109581101501852/a72149ex10-13.txt
2001,QTR2,1111711,000089322001500163,NISOURCE INC DE,10-Q,2001-05-09,https://mcc.law.stanford.edu/data/1111711/000089322001500163/w48673ex10-31.txt,EX-10.31,EX-10,text/plain,services,"[""columbia natural resources inc"",""mahonia ii limited"",""nisource inc de""]","[""columbia natural resources inc"",""mahonia ii limited"",""nisource inc de""]",0,false,true,false,false,false,1111711/000089322001500163/w48673ex10-31.txt
2001,QTR2,1111711,000089322001500163,NISOURCE INC DE,10-Q,2001-05-09,https://mcc.law.stanford.edu/data/1111711/000089322001500163/w48673ex10-33.txt,EX-10.33,EX-10,text/plain,services,"[""columbia natural resources inc"",""mahonia ii limited"",""nisource inc de""]","[""columbia natural resources inc"",""mahonia ii limited"",""nisource inc de""]",0,false,true,false,false,false,1111711/000089322001500163/w48673ex10-33.txt
2002,QTR2,1113247,000092701602002855,KPMG CONSULTING INC,10-Q,2002-05-15,https://mcc.law.stanford.edu/data/1113247/000092701602002855/dex107.txt,EX-10.7,EX-10,text/plain,services,"[""cisco systems inc"",""kpmg consulting inc"",""kpmg llp""]","[""cisco systems inc"",""kpmg consulting inc"",""kpmg llp""]",0,false,true,false,false,false,1113247/000092701602002855/dex107.txt
2002,QTR2,1113481,000095013502002747,MEDICINES CO  MA,10-Q,2002-05-15,https://mcc.law.stanford.edu/data/1113481/000095013502002747/b43069mcex10-5.txt,EX-10.5,EX-10,text/plain,services,"[""gynelogix inc"",""medicines co ma"",""medicines company""]","[""gynelogix inc"",""medicines co ma"",""medicines company""]",0,false,true,false,false,false,1113481/000095013502002747/b43069mcex10-5.txt
2005,QTR2,1113809,000095013705006068,BUILD A BEAR WORKSHOP INC,10-Q,2005-05-16,https://mcc.law.stanford.edu/data/1113809/000095013705006068/c95196exv10w2.txt,EX-10.2,EX-10,text/plain,services,"[""build-a-bear workshop inc"",""js logistics inc""]","[""babw"",""build a bear workshop inc"",""build-a-bear workshop inc"",""js logistics inc""]",0,false,true,false,false,false,1113809/000095013705006068/c95196exv10w2.txt
2007,QTR2,1114483,000115752307004763,GREATBATCH  INC ,10-Q,2007-05-08,https://mcc.law.stanford.edu/data/1114483/000115752307004763/a5396440ex105.txt,EX-10.5,EX-10,text/plain,services,"[""greatbatch inc"",""pacesetter inc"",""st jude medical crmd""]","[""greatbatch inc"",""pacesetter inc"",""st jude medical crmd""]",0,false,true,false,false,false,1114483/000115752307004763/a5396440ex105.txt
2002,QTR2,1114937,000095012302003827,NTL INC DE ,10-K,2002-04-16,https://mcc.law.stanford.edu/data/1114937/000095012302003827/y59518ex10-10.txt,EX-10.10,EX-10,text/plain,services,"[""ibm united kingdom financial services ltd"",""ibm united kingdom limited"",""ntl group limited"",""ntl inc de""]","[""ibm united kingdom financial services limited"",""ibm united kingdom limited"",""ntl group limited"",""ntl inc de""]",0,false,true,false,false,false,1114937/000095012302003827/y59518ex10-10.txt
2004,QTR2,1115285,000095012304006227,EYETECH PHARMACEUTICALS INC,10-Q,2004-05-12,https://mcc.law.stanford.edu/data/1115285/000095012304006227/y96979exv10w1.txt,EX-10.1,EX-10,text/plain,services,"[""eyetech pharmaceuticals inc"",""samir patel""]","[""eyetech pharmaceuticals inc"",""samir patel""]",0,false,true,false,false,false,1115285/000095012304006227/y96979exv10w1.txt
2000,QTR2,1116563,000091205700029085,PF NET COMMUNICATIONS INC,S-4,2000-06-19,https://mcc.law.stanford.edu/data/1116563/000091205700029085/ex-10_13.txt,EX-10.13,EX-10,text/plain,services,"[""pf net communications inc"",""pf telecom holdings llc"",""pfnet corp""]","[""pf net communications inc"",""pf telecom holdings ---- ------ llc"",""pfnet corp""]",0,false,true,false,false,false,1116563/000091205700029085/ex-10_13.txt
2000,QTR2,1116563,000091205700029085,PF NET COMMUNICATIONS INC,S-4,2000-06-19,https://mcc.law.stanford.edu/data/1116563/000091205700029085/ex-10_16.txt,EX-10.16,EX-10,text/plain,services,"[""lucent technologies inc"",""pf net communications inc"",""pfnet supply corp""]","[""lucent technologies inc"",""pf net communications inc"",""pfnet supply corp""]",0,false,true,false,false,false,1116563/000091205700029085/ex-10_16.txt
2000,QTR2,1116563,000091205700029085,PF NET COMMUNICATIONS INC,S-4,2000-06-19,https://mcc.law.stanford.edu/data/1116563/000091205700029085/ex-10_3.txt,EX-10.3,EX-10,text/plain,services,"[""pf net communications inc"",""pfnet corp"",""sbcc""]","[""pf net communications inc"",""pfnet corp"",""sbcc"",""sea breeze communication company""]",0,false,true,true,false,false,1116563/000091205700029085/ex-10_3.txt
2000,QTR2,1116563,000091205700029085,PF NET COMMUNICATIONS INC,S-4,2000-06-19,https://mcc.law.stanford.edu/data/1116563/000091205700029085/ex-10_4.txt,EX-10.4,EX-10,text/plain,services,"[""pf net communications inc"",""pf net network services inc"",""pfnet corp"",""pfnet llc"",""sbcc""]","[""pf net communications inc"",""pfnet corp"",""pfnet llc"",""pfnet network services corp"",""sbcc"",""sea breeze communication company""]",0,false,true,true,false,false,1116563/000091205700029085/ex-10_4.txt
2002,QTR2,1116563,000091205702015322,VELOCITA CORP,10-K,2002-04-16,https://mcc.law.stanford.edu/data/1116563/000091205702015322/a2076686zex-10_5.txt,EX-10.5,EX-10,text/plain,services,"[""atandt corp"",""donald l branscome"",""lynn o pardue"",""pfnet corp"",""velocita corp""]","[""atandt corp"",""donald l branscome"",""lynn o pardue"",""pfnet corp"",""velocita corp""]",0,false,true,false,false,false,1116563/000091205702015322/a2076686zex-10_5.txt
2002,QTR2,1116563,000091205702015322,VELOCITA CORP,10-K,2002-04-16,https://mcc.law.stanford.edu/data/1116563/000091205702015322/a2076686zex-10_6.txt,EX-10.6,EX-10,text/plain,services,"[""atandt corp"",""donald l branscome"",""lynn o pardue"",""pfnet corp"",""velocita corp""]","[""atandt corp"",""donald l branscome"",""lynn o pardue"",""pfnet corp"",""velocita corp""]",0,false,true,false,false,false,1116563/000091205702015322/a2076686zex-10_6.txt
2002,QTR2,1116563,000091205702015322,VELOCITA CORP,10-K,2002-04-16,https://mcc.law.stanford.edu/data/1116563/000091205702015322/a2076686zex-10_8.txt,EX-10.8,EX-10,text/plain,services,"[""atandt corp"",""donald l branscome"",""pfnet corp"",""velocita corp""]","[""atandt corp"",""donald l branscome"",""pfnet corp"",""velocita corp""]",0,false,true,true,false,false,1116563/000091205702015322/a2076686zex-10_8.txt
2002,QTR2,1118941,000101287002002320,ENDWAVE CORP,10-Q,2002-05-15,https://mcc.law.stanford.edu/data/1118941/000101287002002320/dex1025.txt,EX-10.25,EX-10,text/plain,services,"[""endwave corp"",""endwave corporation"",""trw inc""]","[""/endwave corporation"",""endwave corp"",""trw inc""]",0,false,true,false,false,false,1118941/000101287002002320/dex1025.txt
2004,QTR2,1123337,000095014404004876,ANDRX CORP  DE ,10-Q,2004-05-05,https://mcc.law.stanford.edu/data/1123337/000095014404004876/g88844exv10w83.txt,EX-10.83,EX-10,text/plain,services,"[""andrx corp de"",""andrx pharmaceuticals inc"",""andrx pharmaceuticals llc"",""impax laboratories inc"",""teva pharmaceuticals curacao""]","[""andrx corp de"",""andrx pharmaceuticals inc"",""andrx pharmaceuticals llc"",""impax laboratories inc"",""teva pharmaceuticals curacao nv""]",0,false,true,false,false,false,1123337/000095014404004876/g88844exv10w83.txt
2002,QTR2,1126975,000095012902002380,WILLIAMS ENERGY PARTNERS L P,10-Q,2002-05-10,https://mcc.law.stanford.edu/data/1126975/000095012902002380/h96716ex10-2.txt,EX-10.2,EX-10,text/plain,services,"[""williams companies inc"",""williams energy partners lp"",""williams energy services llc"",""williams gp llc"",""williams information services corporation"",""williams natural gas liquids inc"",""williams pipe line company llc""]","[""williams companies inc"",""williams energy partners l p"",""williams energy partners lp"",""williams energy services llc"",""williams gp llc"",""williams information services corporation"",""williams natural gas liquids inc"",""williams pipe line company llc""]",0,false,true,false,false,false,1126975/000095012902002380/h96716ex10-2.txt
2003,QTR2,1127783,000116923203003329,TRENWICK AMERICA CORP,10-K/A,2003-04-30,https://mcc.law.stanford.edu/data/1127783/000116923203003329/d55416_ex10-78.txt,EX-10.78,EX-10,text/plain,services,"[""mr w marston becker"",""trenwick america corporation"",""trenwick group ltd""]","[""mr w marston becker"",""of"",""trenwick america corp"",""trenwick group ltd""]",0,false,true,true,false,false,1127783/000116923203003329/d55416_ex10-78.txt
2004,QTR2,1129650,000095012904002085,TORCH OFFSHORE INC,10-K,2004-04-14,https://mcc.law.stanford.edu/data/1129650/000095012904002085/d13484exv10w52.txt,EX-10.52,EX-10,text/plain,services,"[""davie maritime inc"",""richard bertrand"",""torch express llc"",""torch offshore inc""]","[""davie maritime inc"",""richard bertrand"",""torch express llc"",""torch offshore inc""]",0,false,true,false,false,false,1129650/000095012904002085/d13484exv10w52.txt
2002,QTR2,1132747,000102140802005306,APPLE HOSPITALITY TWO INC,8-K,2002-04-15,https://mcc.law.stanford.edu/data/1132747/000102140802005306/dex103.txt,EX-10.3,EX-10,text/plain,services,"[""ahm res i"",""apple hospitality two inc"",""residence inn by marriott inc""]","[""ahm res i"",""apple hospitality two inc"",""residence inn by marriott inc""]",0,false,true,true,false,false,1132747/000102140802005306/dex103.txt
2005,QTR2,1137778,000095012305006118,WCI COMMUNITIES INC,S-4,2005-05-11,https://mcc.law.stanford.edu/data/1137778/000095012305006118/y07142exv10w11.txt,EX-10.11,EX-10,text/plain,services,"[""wci communities inc""]","[""(don e ackerman"",""wci communities inc"",""wci communities limited""]",0,false,true,true,false,false,1137778/000095012305006118/y07142exv10w11.txt
2001,QTR2,1138258,000093176301500760,MIRANT MID ATLANTIC LLC,S-4,2001-05-25,https://mcc.law.stanford.edu/data/1138258/000093176301500760/dex109a.txt,EX-10.9.(A),EX-10,text/plain,services,"[""maem"",""mirant mid atlantic llc"",""mirma"",""scem"",""southern energy mid-atlantic llc""]","[""maem"",""mirant americas energy marketing lp"",""mirant mid atlantic llc"",""mirant mid-atlantic llc"",""mirma"",""southern company energy marketing lp"",""southern energy mid-atlantic llc""]",0,false,true,true,false,false,1138258/000093176301500760/dex109a.txt
2002,QTR2,1138606,000089534502000141,NOVEON INC,10-K,2002-04-01,https://mcc.law.stanford.edu/data/1138606/000089534502000141/ex10_1.txt,EX-10.1,EX-10,text/plain,services,"[""db capitalpmd investors llc"",""dlj merchant banking iii inc"",""dljmb funding iii inc"",""noveon inc"",""pmd group holdings inc"",""pmd investors i llc""]","[""db capital/pmd investors llc"",""dlj merchant banking iii inc"",""dljmb funding iii inc"",""noveon inc"",""pmd group holdings inc"",""pmd investors i llc"",""pmd investors ii inc""]",0,false,true,true,false,false,1138606/000089534502000141/ex10_1.txt
2008,QTR2,1140536,000115752308004795,WILLIS GROUP HOLDINGS LTD,8-K,2008-06-03,https://mcc.law.stanford.edu/data/1140536/000115752308004795/a5700660ex10-1.txt,EX-10.1,EX-10,text/plain,services,"[""attorney general"",""new york insurance department"",""willis group holdings plc"",""willis north america inc"",""willis of new york inc""]","[""attorney general"",""new york insurance department"",""willis group holdings ltd"",""willis north america inc"",""willis of new york inc""]",0,false,true,false,false,false,1140536/000115752308004795/a5700660ex10-1.txt
2001,QTR2,1140761,000091205701520225,MIRANT AMERICAS GENERATING INC,S-4,2001-06-18,https://mcc.law.stanford.edu/data/1140761/000091205701520225/a2050023zex-10_2.txt,EX-10.2,EX-10,text/plain,services,"[""maem"",""mirant americas generating llc"",""mirant chalk point llc"",""scem"",""southern energy chalk point llc""]","[""maem"",""mirant americas energy marketing lp"",""mirant americas generating inc"",""mirant chalk point llc"",""southern company energy marketing l"",""southern energy chalk point llc""]",0,false,true,true,false,false,1140761/000091205701520225/a2050023zex-10_2.txt
2001,QTR2,1140761,000091205701520225,MIRANT AMERICAS GENERATING INC,S-4,2001-06-18,https://mcc.law.stanford.edu/data/1140761/000091205701520225/a2050023zex-10_3.txt,EX-10.3,EX-10,text/plain,services,"[""maem"",""mirant americas generating llc"",""mirant peaker llc"",""scem"",""southern energy peaker llc""]","[""maem"",""mirant americas energy marketing lp"",""mirant americas generating inc"",""mirant peaker llc"",""southern company energy marketing lp"",""southern energy peaker llc""]",0,false,true,true,false,false,1140761/000091205701520225/a2050023zex-10_3.txt
2001,QTR2,1140761,000091205701520225,MIRANT AMERICAS GENERATING INC,S-4,2001-06-18,https://mcc.law.stanford.edu/data/1140761/000091205701520225/a2050023zex-10_4.txt,EX-10.4,EX-10,text/plain,services,"[""maem"",""mirant americas generating llc"",""mirant potomac river llc"",""scem"",""southern energy potomac river llc""]","[""maem"",""mirant americas energy marketing lp"",""mirant americas generating inc"",""mirant potomac river llc"",""southern company energy marketing l"",""southern energy potomac river llc""]",0,false,true,true,false,false,1140761/000091205701520225/a2050023zex-10_4.txt
2001,QTR2,1140761,000091205701520225,MIRANT AMERICAS GENERATING INC,S-4,2001-06-18,https://mcc.law.stanford.edu/data/1140761/000091205701520225/a2050023zex-10_5.txt,EX-10.5,EX-10,text/plain,services,"[""maem"",""mirant americas generating llc"",""mirant mid atlantic llc"",""mirma"",""scem"",""southern energy mid-atlantic llc""]","[""maem"",""mirant americas energy marketing lp"",""mirant americas generating inc"",""mirant mid-atlantic llc"",""mirma"",""southern company energy marketing l"",""southern energy mid-atlantic llc""]",0,false,true,true,false,false,1140761/000091205701520225/a2050023zex-10_5.txt
2001,QTR2,1140761,000091205701520225,MIRANT AMERICAS GENERATING INC,S-4,2001-06-18,https://mcc.law.stanford.edu/data/1140761/000091205701520225/a2050023zex-10_9.txt,EX-10.9,EX-10,text/plain,services,"[""maem"",""mirant americas generating llc"",""mirant delta llc"",""mirant potrero llc""]","[""maem"",""mirant americas energy marketing"",""mirant americas generating inc"",""mirant delta llc"",""mirant potrero llc""]",0,false,true,false,false,false,1140761/000091205701520225/a2050023zex-10_9.txt
2001,QTR2,1141344,000091205701520402,MISSISSIPPI BAND OF CHOCTAW INDIANS DBA CHOCTAW RSRT DVLP E,S-4,2001-06-19,https://mcc.law.stanford.edu/data/1141344/000091205701520402/a2052158zex-10_2.txt,EX-10.2,EX-10,text/plain,services,"[""kirk fordice"",""mississippi band of choctaw indians""]","[""kirk fordice"",""mississippi band of choctaw indians dba choctaw rsrt dvlp e""]",0,false,true,false,false,false,1141344/000091205701520402/a2052158zex-10_2.txt
2001,QTR2,1141344,000091205701520402,MISSISSIPPI BAND OF CHOCTAW INDIANS DBA CHOCTAW RSRT DVLP E,S-4,2001-06-19,https://mcc.law.stanford.edu/data/1141344/000091205701520402/a2052158zex-10_3.txt,EX-10.3,EX-10,text/plain,services,"[""mississippi band of choctaw indians""]","[""mississippi band of choctaw indians dba choctaw rsrt dvlp e""]",0,false,true,false,false,false,1141344/000091205701520402/a2052158zex-10_3.txt
2003,QTR2,1143653,000101054903000228,GREEN POWER ENERGY HOLDINGS CORP,8-K,2003-05-06,https://mcc.law.stanford.edu/data/1143653/000101054903000228/gpeh8kex105042303.txt,EX-10.5,EX-10,text/plain,services,"[""cogentrix carolina leasing corporation"",""cogentrix of north carolina inc"",""green power energy holdings llc"",""guilford mills inc""]","[""cogentrix carolina leasing corporation"",""cogentrix of north carolina inc"",""green power energy holdings corp"",""guilford mills inc""]",0,false,true,false,false,false,1143653/000101054903000228/gpeh8kex105042303.txt
2007,QTR2,1145404,000095013507003081,CRITICAL THERAPEUTICS INC,10-Q,2007-05-10,https://mcc.law.stanford.edu/data/1145404/000095013507003081/b65137ctexv10w4.txt,EX-10.4,EX-10,text/plain,services,"[""critical therapeutics inc"",""shasun pharma solutions limited""]","[""critical therapeutics inc"",""shasun pharma solutions limited""]",0,false,true,false,false,false,1145404/000095013507003081/b65137ctexv10w4.txt
2002,QTR2,1156445,000101172302000090,WNC HOUSING TAX CREDIT FUND VI LP SERIES 9,8-K,2002-06-13,https://mcc.law.stanford.edu/data/1156445/000101172302000090/nat6s9sawmilllpa.txt,EX-10,EX-10,text/plain,services,"[""saw mill creek ii limited dividend housing association"",""wnc housing tax credit fund vi lp series 9""]","[""saw mill creek ii limited dividend housing association"",""wnc housing tax credit fund vi lp series 9""]",0,false,true,true,false,false,1156445/000101172302000090/nat6s9sawmilllpa.txt
2003,QTR2,1157303,000115730303000010,INTERNATIONAL SPECIALTY HOLDINGS INC,10-Q,2003-05-14,https://mcc.law.stanford.edu/data/1157303/000115730303000010/hldgsex101.txt,EX-10,EX-10,text/plain,services,"[""building materials corporation"",""g-i holdings inc"",""gaf broadcastin"",""international specialty holdings inc"",""international specialty products inc"",""isp investco llc"",""mdc holdings inc"",""merick inc""]","[""g-i holdings inc"",""gaf broadcastin"",""gaf building materials corporation"",""international specialty holdings inc"",""international specialty products inc"",""isp holdings inc"",""isp investco llc"",""merick inc""]",0,false,true,true,false,false,1157303/000115730303000010/hldgsex101.txt
2004,QTR2,1157303,000115730304000012,INTERNATIONAL SPECIALTY HOLDINGS INC,10-Q,2004-05-19,https://mcc.law.stanford.edu/data/1157303/000115730304000012/hldgs1q04ex101.txt,EX-10.1,EX-10,text/plain,services,"[""g-i holdings inc"",""international specialty holdings inc"",""international specialty products inc"",""ish"",""isp investco llc"",""isp synthetic elastomers llc"",""merick inc""]","[""g-i holdings inc"",""international specialty holdings inc"",""international specialty products inc"",""ish"",""isp investco llc"",""isp synthetic elastomers lp"",""merick inc""]",0,false,true,true,false,false,1157303/000115730304000012/hldgs1q04ex101.txt
2003,QTR2,1168213,000095012303004907,AEROPOSTALE INC,10-K,2003-04-29,https://mcc.law.stanford.edu/data/1168213/000095012303004907/y85597exv10w12.txt,EX-10.12,EX-10,text/plain,services,"[""aeropostale inc"",""federated department stores inc de"",""mss-delaware inc"",""specialty acquisition corporation""]","[""aeropostale inc"",""federated department stores inc"",""mss-delaware inc"",""specialty acquisition corporation""]",0,false,true,true,false,false,1168213/000095012303004907/y85597exv10w12.txt
2006,QTR2,1169745,000111650206000889,EdgeTech International Inc,8-K/A,2006-05-01,https://mcc.law.stanford.edu/data/1169745/000111650206000889/exhibit107.txt,EX-10.7,EX-10,text/plain,services,"[""datawind net access corporation"",""edgetech inc"",""edgetech international inc""]","[""datawind net access corporation"",""edgetech inc"",""edgetech international inc""]",0,false,true,false,false,false,1169745/000111650206000889/exhibit107.txt
2006,QTR2,1169749,000091412106002102,MORGAN STANLEY CHARTER CAMPBELL LP,8-K,2006-06-19,https://mcc.law.stanford.edu/data/1169749/000091412106002102/ms767313-ex10_01a.txt,EX-10.01(A),EX-10,text/plain,services,"[""campbell and company inc"",""demeter management corporation"",""morgan stanley charter campbell lp""]","[""campbell and company inc"",""demeter management corporation"",""morgan stanley charter campbell lp""]",0,false,true,false,false,false,1169749/000091412106002102/ms767313-ex10_01a.txt
2004,QTR2,1171500,000095012304006012,PLATINUM UNDERWRITERS HOLDINGS LTD,10-Q,2004-05-10,https://mcc.law.stanford.edu/data/1171500/000095012304006012/y97104exv10w7.txt,EX-10.7,EX-10,text/plain,services,"[""platinum underwriters holdings ltd"",""platinum underwriters reinsurance inc"",""shn enterprises inc"",""st paul companies inc"",""steven h newman"",""world financial center""]","[""platinum underwriters holdings ltd"",""platinum underwriters reinsurance inc"",""shn enterprises inc"",""st paul companies inc"",""steven h newman"",""world financial center""]",0,false,true,false,false,false,1171500/000095012304006012/y97104exv10w7.txt
2004,QTR2,1173463,000095013404008517,CINEMARK INC,S-4,2004-06-08,https://mcc.law.stanford.edu/data/1173463/000095013404008517/d15693exv10w1d.txt,EX-10.1D,EX-10,text/plain,services,"[""cinemark inc"",""cinemark usa inc tx"",""cnmk texas properties llc"",""laredo theatre ltd""]","[""cinemark inc"",""cinemark usa inc"",""cnmk texas properties ltd"",""laredo theatre ltd""]",0,false,true,false,false,false,1173463/000095013404008517/d15693exv10w1d.txt
2004,QTR2,1173463,000095013404008517,CINEMARK INC,S-4,2004-06-08,https://mcc.law.stanford.edu/data/1173463/000095013404008517/d15693exv10w1f.txt,EX-10.1F,EX-10,text/plain,services,"[""cinemark inc"",""cinemark partners ii ltd"",""cinemark usa inc tx""]","[""cinemark inc"",""cinemark partners ii ltd"",""cinemark usa inc""]",0,false,true,false,false,false,1173463/000095013404008517/d15693exv10w1f.txt
2004,QTR2,1173514,000095015204003784,NMHG HOLDING CO,10-Q,2004-05-10,https://mcc.law.stanford.edu/data/1173514/000095015204003784/l06838aexv10w35.txt,EX-10.35,EX-10,text/plain,services,"[""general electric capital corporation"",""nacco materials handling group inc"",""nmhg holding co""]","[""gecc"",""general electric capital corporation"",""nacco material handling group inc"",""nacco materials handling group inc"",""nmhg holding co""]",0,false,true,true,false,false,1173514/000095015204003784/l06838aexv10w35.txt
2006,QTR2,1174922,000134100406001630,WYNN RESORTS LTD,8-K,2006-06-06,https://mcc.law.stanford.edu/data/1174922/000134100406001630/wynnexh.txt,EX-10,EX-10,text/plain,services,"[""pbl"",""publishing and broadcasting ltd"",""wrl"",""wynn macau"",""wynn resorts ltd""]","[""a wrl"",""pbl"",""publishing and broadcasting ltd"",""wynn macau"",""wynn resorts limited"",""wynn resorts ltd""]",0,false,true,false,false,false,1174922/000134100406001630/wynnexh.txt
2006,QTR2,1178670,000095013506003323,ALNYLAM PHARMACEUTICALS  INC ,10-Q,2006-05-09,https://mcc.law.stanford.edu/data/1178670/000095013506003323/b60594apexv10w3.txt,EX-10.3,EX-10,text/plain,services,"[""alnylam pharmaceuticals inc"",""novartis institutes for biomedical research inc""]","[""alnylam pharmaceuticals inc"",""novartis institutes for biomedical research inc""]",0,false,true,false,false,false,1178670/000095013506003323/b60594apexv10w3.txt
2001,QTR2,12180,000091205701508484,SAMES CORP,10-K,2001-04-13,https://mcc.law.stanford.edu/data/12180/000091205701508484/a2044553zex-10_22.txt,EX-10.22,EX-10,text/plain,services,"[""dratt-campbell company"",""sames corp"",""sames corporation""]","[""dratt-campbell company"",""sames corp"",""sames corporation""]",0,false,true,true,false,false,12180/000091205701508484/a2044553zex-10_22.txt
2003,QTR2,1219701,000102140803006851,EDUCATION CAPITAL I LLC,8-K/A,2003-04-30,https://mcc.law.stanford.edu/data/1219701/000102140803006851/dex105.txt,EX-10.5,EX-10,text/plain,services,"[""acs education services inc"",""education capital i llc"",""education funding capital trust i"",""education lending services inc"",""fifth third bank""]","[""acs education services inc"",""education capital i llc"",""education funding capital trust"",""education lending services inc"",""fifth third bank""]",0,false,true,true,false,false,1219701/000102140803006851/dex105.txt
2003,QTR2,1222876,000120864603000093,GRANITE MORTGAGES 03 2 PLC,6-K,2003-06-05,https://mcc.law.stanford.edu/data/1222876/000120864603000093/ex10-6_3.txt,EX-10,EX-10,text/plain,services,"[""granite finance funding limited -and- mourant and co capital"",""granite mortgages 03 2 plc""]","[""granite finance funding limited -and- mourant and co capital (spv)"",""granite mortgages 03 2 plc""]",0,false,true,true,false,false,1222876/000120864603000093/ex10-6_3.txt
2003,QTR2,1224368,000095012303004091,MERRILL LYNCH MORT INVEST INC MLCC 2003 B MORT PS THR CERT,8-K,2003-04-10,https://mcc.law.stanford.edu/data/1224368/000095012303004091/y85385exv99w4.txt,EX-99.4,EX-99,text/plain,services,"[""cendant mortgage corporation"",""merrill lynch credit corporation"",""merrill lynch mort invest inc mlcc 2003 b mort ps thr cert""]","[""cendant mortgage corporation"",""merrill lynch credit corporation"",""merrill lynch mort invest inc mlcc 2003 b mort ps thr cert""]",0,false,true,false,false,false,1224368/000095012303004091/y85385exv99w4.txt
2004,QTR2,1229195,000117672104000176,SPECTRUM SCIENCES   SOFTWARE HOLDINGS INC,8-K,2004-04-21,https://mcc.law.stanford.edu/data/1229195/000117672104000176/doc3.txt,EX-10.1,EX-10,text/plain,services,"[""robert genovese"",""spectrum sciences software holdings inc""]","[""robert genovese"",""spectrum sciences and software holdings corp"",""spectrum sciences software holdings inc""]",0,false,true,true,false,false,1229195/000117672104000176/doc3.txt
2004,QTR2,1236736,000095011604001591,GENESIS HEALTHCARE CORP,10-Q,2004-05-14,https://mcc.law.stanford.edu/data/1236736/000095011604001591/ex10-1.txt,EX-10,EX-10,text/plain,services,"[""genesis healthcare inc"",""ghc"",""neighborcare pharmacy services inc""]","[""genesis healthcare corp"",""genesis healthcare corporation"",""ghc"",""neighborcare pharmacy services inc""]",0,false,true,false,false,false,1236736/000095011604001591/ex10-1.txt
2004,QTR2,1257640,000125764004000044,KRONOS WORLDWIDE INC,10-Q,2004-05-05,https://mcc.law.stanford.edu/data/1257640/000125764004000044/kwiform_10q2004ex10-1.txt,EX-10.1,EX-10,text/plain,services,"[""contran corporation"",""kronos worldwide inc""]","[""contran corporation"",""kronos worldwide inc""]",0,false,true,false,false,false,1257640/000125764004000044/kwiform_10q2004ex10-1.txt
2005,QTR2,1282266,000095013405010046,VALOR COMMUNICATIONS GROUP INC,10-Q,2005-05-13,https://mcc.law.stanford.edu/data/1282266/000095013405010046/d25318exv10w3.txt,EX-10.3,EX-10,text/plain,services,"[""jeff hayden telecom"",""texas l"",""valor a new york corporation"",""valor communications group inc"",""valor telecommunications of atandt corp""]","[""jeff hayden telecom"",""texas l"",""valor a new york corporation"",""valor communications group inc"",""valor telecommunications of atandt corp""]",0,false,true,true,false,false,1282266/000095013405010046/d25318exv10w3.txt
2006,QTR2,1282648,000090933406000170,TREMISIS ENERGY ACQUISITION CORP,8-K,2006-05-12,https://mcc.law.stanford.edu/data/1282648/000090933406000170/ram8kexh1022-051206.txt,EX-10.22,EX-10,text/plain,services,"[""rachel tarantola stusco"",""rwg energy inc"",""terry allison"",""tremisis energy acquisition corporation""]","[""rachel tarantola stusco"",""rwg energy"",""terry allison"",""tremisis energy acquisition corp""]",0,false,true,false,false,false,1282648/000090933406000170/ram8kexh1022-051206.txt
2006,QTR2,1282648,000090933406000229,RAM ENERGY RESOURCES INC,8-K,2006-06-05,https://mcc.law.stanford.edu/data/1282648/000090933406000229/ex10231rer8k-060106.txt,EX-10.23.1,EX-10,text/plain,services,"[""ram energy resources inc"",""rwg energy inc"",""targa midstream services limited""]","[""ram energy resources inc"",""rwg energy inc"",""targa midstream services limited""]",0,false,true,false,false,false,1282648/000090933406000229/ex10231rer8k-060106.txt
2004,QTR2,1284529,000119312504062414,DEX MEDIA INC,S-4,2004-04-14,https://mcc.law.stanford.edu/data/1284529/000119312504062414/dex1018.txt,EX-10.18,EX-10,text/plain,services,"[""dex media inc""]","[""(dex holdings llc"",""dex media inc""]",0,false,true,false,false,false,1284529/000119312504062414/dex1018.txt
2004,QTR2,1284529,000119312504062414,DEX MEDIA INC,S-4,2004-04-14,https://mcc.law.stanford.edu/data/1284529/000119312504062414/dex108.txt,EX-10.8,EX-10,text/plain,services,"[""dex media east llc"",""dex media inc"",""sgn llc"",""west corporation""]","[""dex media east llc"",""dex media inc"",""qwest corporation"",""sgn llc""]",0,false,true,true,false,false,1284529/000119312504062414/dex108.txt
2004,QTR2,1289559,000095012304006436,AMH Holdings  Inc ,S-4,2004-05-14,https://mcc.law.stanford.edu/data/1289559/000095012304006436/y97363exv10w11.txt,EX-10.11,EX-10,text/plain,services,"[""associated materials holdings inc"",""associated materials incorporated"",""harvest partners inc"",""mdc holdings inc"",""simon acquisition corp""]","[""amh holdings inc"",""associated materials holdings inc"",""associated materials incorporated"",""harvest partners inc"",""simon acquisition corp""]",0,false,true,true,false,false,1289559/000095012304006436/y97363exv10w11.txt
2006,QTR2,1294632,000095014406005005,IASIS Healthcare LLC,10-Q,2006-05-15,https://mcc.law.stanford.edu/data/1294632/000095014406005005/g01280exv10w2.txt,EX-10.2,EX-10,text/plain,services,"[""arizona health care cost containment system administration"",""finance"",""health choice arizona"",""iasis healthcare llc""]","[""arizona health care cost containment system administration"",""finance"",""health choice arizona"",""iasis healthcare llc""]",0,false,true,false,false,false,1294632/000095014406005005/g01280exv10w2.txt
2006,QTR2,1294632,000095014406005005,IASIS Healthcare LLC,10-Q,2006-05-15,https://mcc.law.stanford.edu/data/1294632/000095014406005005/g01280exv10w3.txt,EX-10.3,EX-10,text/plain,services,"[""ahcccs"",""arizona health care cost containment system administration"",""finance"",""health choice arizona"",""iasis healthcare llc""]","[""ahcccs"",""arizona health care cost containment system administration"",""finance"",""health choice arizona"",""iasis healthcare llc""]",0,false,true,false,false,false,1294632/000095014406005005/g01280exv10w3.txt
2006,QTR2,1303180,000114066106000199,Amera Resources CORP,20-F,2006-06-23,https://mcc.law.stanford.edu/data/1303180/000114066106000199/exhibit4-19.txt,EX-10,EX-10,text/plain,services,"[""amera resources corporation"",""nikolaos cacos""]","[""amera resources corp"",""amera resources corporation"",""nikolaos cacos""]",0,false,true,false,false,false,1303180/000114066106000199/exhibit4-19.txt
2005,QTR2,1305507,000095013505003219,Arlington Tankers Ltd ,20-F,2005-06-09,https://mcc.law.stanford.edu/data/1305507/000095013505003219/b55316atexv10w3w10.txt,EX-10.3.10,EX-10,text/plain,services,"[""arlington tankers ltd"",""cm v-max i ltd"",""victory ltd""]","[""arlington tankers ltd"",""cm v-max ii ltd"",""victory ltd""]",0,false,true,false,false,false,1305507/000095013505003219/b55316atexv10w3w10.txt
2005,QTR2,1305507,000095013505003219,Arlington Tankers Ltd ,20-F,2005-06-09,https://mcc.law.stanford.edu/data/1305507/000095013505003219/b55316atexv10w3w12.txt,EX-10.3.12,EX-10,text/plain,services,"[""arlington tankers ltd"",""cm v-max i ltd"",""stena vision"",""vision ltd""]","[""arlington tankers ltd"",""cm v-max i ltd"",""stena vision"",""vision ltd""]",0,false,true,false,false,false,1305507/000095013505003219/b55316atexv10w3w12.txt
2005,QTR2,1305507,000095013505003219,Arlington Tankers Ltd ,20-F,2005-06-09,https://mcc.law.stanford.edu/data/1305507/000095013505003219/b55316atexv10w3w2.txt,EX-10.3.2,EX-10,text/plain,services,"[""arlington tankers ltd"",""companion ltd"",""stena bulk ab"",""stena companion""]","[""arlington tankers ltd"",""companion ltd"",""stena bulk ab"",""stena companion""]",0,false,true,false,false,false,1305507/000095013505003219/b55316atexv10w3w2.txt
2005,QTR2,1305507,000095013505003219,Arlington Tankers Ltd ,20-F,2005-06-09,https://mcc.law.stanford.edu/data/1305507/000095013505003219/b55316atexv10w3w4.txt,EX-10.3.4,EX-10,text/plain,services,"[""arlington tankers ltd"",""compatriot ltd"",""stena bulk ab""]","[""arlington tankers ltd"",""compatriot ltd"",""stena bulk ab""]",0,false,true,false,false,false,1305507/000095013505003219/b55316atexv10w3w4.txt
2005,QTR2,1305507,000095013505003219,Arlington Tankers Ltd ,20-F,2005-06-09,https://mcc.law.stanford.edu/data/1305507/000095013505003219/b55316atexv10w3w6.txt,EX-10.3.6,EX-10,text/plain,services,"[""arlington tankers ltd"",""concord ltd"",""stena bulk ab"",""stena concord""]","[""arlington tankers ltd"",""concord ltd"",""stena bulk ab"",""stena concord""]",0,false,true,false,false,false,1305507/000095013505003219/b55316atexv10w3w6.txt
2005,QTR2,1305507,000095013505003219,Arlington Tankers Ltd ,20-F,2005-06-09,https://mcc.law.stanford.edu/data/1305507/000095013505003219/b55316atexv10w3w8.txt,EX-10.3.8,EX-10,text/plain,services,"[""arlington tankers ltd"",""consul ltd"",""stena bulk ab"",""stena consul""]","[""arlington tankers ltd"",""consul ltd"",""stena bulk ab"",""stena consul""]",0,false,true,false,false,false,1305507/000095013505003219/b55316atexv10w3w8.txt
2005,QTR2,1305507,000095013505003219,Arlington Tankers Ltd ,20-F,2005-06-09,https://mcc.law.stanford.edu/data/1305507/000095013505003219/b55316atexv10w4w10.txt,EX-10.4.10,EX-10,text/plain,services,"[""arlington tankers ltd"",""northern marine management ltd"",""victory ltd""]","[""arlington tankers ltd"",""northern marine management ltd"",""victory ltd""]",0,false,true,false,false,false,1305507/000095013505003219/b55316atexv10w4w10.txt
2005,QTR2,1305507,000095013505003219,Arlington Tankers Ltd ,20-F,2005-06-09,https://mcc.law.stanford.edu/data/1305507/000095013505003219/b55316atexv10w4w12.txt,EX-10.4.12,EX-10,text/plain,services,"[""arlington tankers ltd"",""northern marine management ltd"",""vision ltd""]","[""arlington tankers ltd"",""northern marine management ltd"",""vision ltd""]",0,false,true,false,false,false,1305507/000095013505003219/b55316atexv10w4w12.txt
2005,QTR2,1305507,000095013505003219,Arlington Tankers Ltd ,20-F,2005-06-09,https://mcc.law.stanford.edu/data/1305507/000095013505003219/b55316atexv10w4w2.txt,EX-10.4.2,EX-10,text/plain,services,"[""arlington tankers ltd"",""companion ltd"",""northern marine management ltd"",""stena companion""]","[""arlington tankers ltd"",""companion ltd"",""northern marine management ltd"",""stena companion""]",0,false,true,false,false,false,1305507/000095013505003219/b55316atexv10w4w2.txt
2005,QTR2,1305507,000095013505003219,Arlington Tankers Ltd ,20-F,2005-06-09,https://mcc.law.stanford.edu/data/1305507/000095013505003219/b55316atexv10w4w4.txt,EX-10.4.4,EX-10,text/plain,services,"[""arlington tankers ltd"",""compatriot ltd"",""northern marine management ltd""]","[""arlington tankers ltd"",""compatriot ltd"",""northern marine management ltd""]",0,false,true,false,false,false,1305507/000095013505003219/b55316atexv10w4w4.txt
2005,QTR2,1305507,000095013505003219,Arlington Tankers Ltd ,20-F,2005-06-09,https://mcc.law.stanford.edu/data/1305507/000095013505003219/b55316atexv10w4w6.txt,EX-10.4.6,EX-10,text/plain,services,"[""arlington tankers ltd"",""concord ltd"",""northern marine management ltd""]","[""arlington tankers ltd"",""concord ltd"",""northern marine management ltd""]",0,false,true,false,false,false,1305507/000095013505003219/b55316atexv10w4w6.txt
2005,QTR2,1305507,000095013505003219,Arlington Tankers Ltd ,20-F,2005-06-09,https://mcc.law.stanford.edu/data/1305507/000095013505003219/b55316atexv10w4w8.txt,EX-10.4.8,EX-10,text/plain,services,"[""arlington tankers ltd"",""consul ltd"",""northern marine management ltd""]","[""arlington tankers ltd"",""consul ltd"",""northern marine management ltd""]",0,false,true,false,false,false,1305507/000095013505003219/b55316atexv10w4w8.txt
2007,QTR2,1340744,000095013507003085,Altus Pharmaceuticals Inc ,10-Q,2007-05-11,https://mcc.law.stanford.edu/data/1340744/000095013507003085/b65195apexv10w1.txt,EX-10.1,EX-10,text/plain,services,"[""altus pharmaceuticals inc"",""amano enzyme inc""]","[""altus pharmaceuticals inc"",""amano enzyme inc""]",0,false,true,false,false,false,1340744/000095013507003085/b65195apexv10w1.txt
2007,QTR2,1359886,000095013507002550,WCI Steel  Inc ,S-4,2007-04-27,https://mcc.law.stanford.edu/data/1359886/000095013507002550/b64743s4exv10w10.txt,EX-10.10,EX-10,text/plain,services,"[""cleveland-cliffs iron company"",""cliffs mining company"",""cliffs sales company"",""northshore mining company"",""wci steel inc""]","[""cleveland-cliffs iron company"",""cliffs mining company"",""cliffs sales company"",""northshore mining company"",""wci steel inc""]",0,false,true,true,false,false,1359886/000095013507002550/b64743s4exv10w10.txt
2007,QTR2,1359886,000095013507002550,WCI Steel  Inc ,S-4,2007-04-27,https://mcc.law.stanford.edu/data/1359886/000095013507002550/b64743s4exv10w11xay.txt,EX-10.11(A),EX-10,text/plain,services,"[""isg warren inc"",""mittal steel usa - warren inc"",""wci steel inc""]","[""isg warren inc"",""mittal steel usa - warren inc"",""wci steel inc""]",0,false,true,false,false,false,1359886/000095013507002550/b64743s4exv10w11xay.txt
2007,QTR2,1359886,000095013507002550,WCI Steel  Inc ,S-4,2007-04-27,https://mcc.law.stanford.edu/data/1359886/000095013507002550/b64743s4exv10w12xay.txt,EX-10.12(A),EX-10,text/plain,services,"[""haverhill north coke company"",""wci steel inc""]","[""haverhill north coke company"",""wci steel inc""]",0,false,true,false,false,false,1359886/000095013507002550/b64743s4exv10w12xay.txt
2009,QTR2,1387976,000101968709002216,Consorteum Holdings  Inc ,8-K,2009-06-19,https://mcc.law.stanford.edu/data/1387976/000101968709002216/consorteum_8k-ex1010.txt,EX-10.10,EX-10,text/plain,services,"[""consorteum holdings inc"",""consorteum inc"",""fp financial ltd""]","[""consorteum holdings inc"",""consorteum inc"",""fp financial ltd""]",0,false,true,true,false,false,1387976/000101968709002216/consorteum_8k-ex1010.txt
2012,QTR2,1435387,000103849412000033,Discovery Energy Corp ,8-K,2012-06-29,https://mcc.law.stanford.edu/data/1435387/000103849412000033/ex101.txt,EX-10.1,EX-10,text/plain,services,"[""discovery energy corp"",""liberty petroleum corporation""]","[""discovery energy corp"",""liberty petroleum corporation""]",0,false,true,false,false,false,1435387/000103849412000033/ex101.txt
2002,QTR2,18532,000095013402007516,CENTEX CORP,10-K,2002-06-21,https://mcc.law.stanford.edu/data/18532/000095013402007516/d97653exv10w1.txt,EX-10.1,EX-10,text/plain,services,"[""3333 holding corporation"",""centex corp"",""centex service company""]","[""3333 holding corporation"",""centex corp"",""centex service company""]",0,false,true,true,false,false,18532/000095013402007516/d97653exv10w1.txt
2002,QTR2,18532,000095013402007516,CENTEX CORP,10-K,2002-06-21,https://mcc.law.stanford.edu/data/18532/000095013402007516/d97653exv10w2xay.txt,EX-10.2(A),EX-10,text/plain,services,"[""3333 holding corporation"",""cdclp"",""centex corp"",""centex development company limited""]","[""3333 holding corporation"",""cdclp"",""centex corp"",""centex development company l""]",0,false,true,true,false,false,18532/000095013402007516/d97653exv10w2xay.txt
2005,QTR2,19353,000001935305000083,CHARMING SHOPPES INC,10-K,2005-04-14,https://mcc.law.stanford.edu/data/19353/000001935305000083/exh10112.txt,EX-10,EX-10,text/plain,services,"[""charming shoppes inc"",""lane bryant inc"",""sierra nevada factoring inc"",""world financial network national bank""]","[""charming shoppes inc"",""lane bryant inc"",""sierra nevada factoring inc"",""world financial network national bank""]",0,false,true,false,false,false,19353/000001935305000083/exh10112.txt
2002,QTR2,23304,000002330402000005,CONE MILLS CORP,10-Q,2002-05-14,https://mcc.law.stanford.edu/data/23304/000002330402000005/exh10231.txt,EX-10,EX-10,text/plain,services,"[""cone mills corporation"",""levi strauss and co"",""lsandco""]","[""cone mills corp"",""cone mills corporation"",""levi strauss and co"",""lsandco""]",0,false,true,false,false,false,23304/000002330402000005/exh10231.txt
2003,QTR2,23341,000117152003000085,CONGOLEUM CORP,10-K,2003-04-15,https://mcc.law.stanford.edu/data/23341/000117152003000085/ex10_13-4.txt,EX-10.13.4,EX-10,text/plain,services,"[""abi"",""american biltrite inc"",""congoleum corp"",""congoleum corporation"",""richard g"",""roger s marcus""]","[""abi"",""american biltrite inc"",""congoleum corp"",""congoleum corporation"",""richard g"",""roger s marcus""]",0,false,true,false,false,false,23341/000117152003000085/ex10_13-4.txt
2002,QTR2,25354,000002535402000013,CPI CORP,10-Q,2002-06-07,https://mcc.law.stanford.edu/data/25354/000002535402000013/exh1051.txt,EX-10.51,EX-10,text/plain,services,"[""consumer programs incorporated"",""cpi corp"",""sears roebuck and co""]","[""consumer programs incorporated"",""cpi corp"",""sears roebuck and co""]",0,false,true,false,false,false,25354/000002535402000013/exh1051.txt
2007,QTR2,30697,000095014207000985,TRIARC COMPANIES INC,8-K,2007-05-01,https://mcc.law.stanford.edu/data/30697/000095014207000985/ex10-2_form8k043007.txt,EX-10,EX-10,text/plain,services,"[""tcmg-ma llc"",""trian fund management"",""trian partners"",""trian partners master fund lp"",""triarc companies inc""]","[""tcmg-ma llc"",""trian fund management lp"",""trian partners lp"",""trian partners ltd"",""trian partners master fund lp"",""triarc companies inc""]",0,false,true,true,false,false,30697/000095014207000985/ex10-2_form8k043007.txt
2003,QTR2,3116,000095013703003065,AKORN INC,10-K,2003-05-21,https://mcc.law.stanford.edu/data/3116/000095013703003065/c77055exv10w40.txt,EX-10.40,EX-10,text/plain,services,"[""aeg partners inc"",""akorn inc""]","[""aeg partners llc"",""akorn inc""]",0,false,true,false,false,false,3116/000095013703003065/c77055exv10w40.txt
2001,QTR2,315641,000091205701510382,ROHN INDUSTRIES INC,10-K/A,2001-04-25,https://mcc.law.stanford.edu/data/315641/000091205701510382/a2046045zex-10_17.txt,EX-10.17,EX-10,text/plain,services,"[""commonwealth of pennsylvania"",""governors office of administration"",""rohn construction inc"",""rohn industries inc"",""the commonwealth""]","[""commonwealth of pennsylvania"",""governor's office of administration"",""rohn construction inc"",""rohn industries inc"",""the commonwealth""]",0,false,true,false,false,false,315641/000091205701510382/a2046045zex-10_17.txt
2001,QTR2,315641,000091205701510382,ROHN INDUSTRIES INC,10-K/A,2001-04-25,https://mcc.law.stanford.edu/data/315641/000091205701510382/a2046045zex-10_18.txt,EX-10.18,EX-10,text/plain,services,"[""of administration commonwealth of pennsylvania"",""office of administration"",""rohn construction inc"",""rohn industries inc""]","[""of administration commonwealth of pennsylvania"",""office of administration"",""rohn construction inc"",""rohn industries inc""]",0,false,true,false,false,false,315641/000091205701510382/a2046045zex-10_18.txt
2001,QTR2,315641,000091205701510382,ROHN INDUSTRIES INC,10-K/A,2001-04-25,https://mcc.law.stanford.edu/data/315641/000091205701510382/a2046045zex-10_19.txt,EX-10.19,EX-10,text/plain,services,"[""of administration commonwealth of pennsylvania"",""office of administration"",""rohn construction inc"",""rohn industries inc""]","[""of administration commonwealth of pennsylvania"",""office of administration"",""rohn construction inc"",""rohn industries inc""]",0,false,true,false,false,false,315641/000091205701510382/a2046045zex-10_19.txt
2001,QTR2,315641,000091205701510382,ROHN INDUSTRIES INC,10-K/A,2001-04-25,https://mcc.law.stanford.edu/data/315641/000091205701510382/a2046045zex-10_20.txt,EX-10.20,EX-10,text/plain,services,"[""office of administration commonwealth of pennsylvania"",""rohn construction inc"",""rohn industries inc""]","[""office of administration commonwealth of pennsylvania"",""rohn construction inc"",""rohn industries inc""]",0,false,true,false,false,false,315641/000091205701510382/a2046045zex-10_20.txt
2001,QTR2,315641,000091205701510382,ROHN INDUSTRIES INC,10-K/A,2001-04-25,https://mcc.law.stanford.edu/data/315641/000091205701510382/a2046045zex-10_21.txt,EX-10.21,EX-10,text/plain,services,"[""of administration commonwealth of pennsylvania"",""office of administration"",""rohn construction inc"",""rohn industries inc""]","[""of administration commonwealth of pennsylvania"",""office of administration"",""rohn construction inc"",""rohn industries inc""]",0,false,true,false,false,false,315641/000091205701510382/a2046045zex-10_21.txt
2001,QTR2,315641,000091205701510382,ROHN INDUSTRIES INC,10-K/A,2001-04-25,https://mcc.law.stanford.edu/data/315641/000091205701510382/a2046045zex-10_22.txt,EX-10.22,EX-10,text/plain,services,"[""office of administration commonwealth of pennsylvania"",""rohn construction inc"",""rohn industries inc""]","[""office of administration commonwealth of pennsylvania"",""rohn construction inc"",""rohn industries inc""]",0,false,true,false,false,false,315641/000091205701510382/a2046045zex-10_22.txt
2001,QTR2,315641,000091205701510382,ROHN INDUSTRIES INC,10-K/A,2001-04-25,https://mcc.law.stanford.edu/data/315641/000091205701510382/a2046045zex-10_23.txt,EX-10.23,EX-10,text/plain,services,"[""office of administration commonwealth of pennsylvania"",""rohn construction inc"",""rohn industries inc""]","[""office of administration commonwealth of pennsylvania"",""rohn construction inc"",""rohn industries inc""]",0,false,true,false,false,false,315641/000091205701510382/a2046045zex-10_23.txt
2000,QTR2,316236,000088981200003036,GRAND UNION CO  DE ,10-K,2000-06-30,https://mcc.law.stanford.edu/data/316236/000088981200003036/0000889812-00-003036-0004.txt,EX-10.12,EX-10,text/plain,services,"[""grand union co de""]","[""grand union co de""]",0,false,true,true,false,false,316236/000088981200003036/0000889812-00-003036-0004.txt
2001,QTR2,320333,000095012301502575,HANOVER DIRECT INC,10-Q,2001-05-15,https://mcc.law.stanford.edu/data/320333/000095012301502575/y48800ex10-1.txt,EX-10.1,EX-10,text/plain,services,"[""hanover direct inc"",""meridian ventures llc"",""thomas c shull""]","[""hanover direct inc"",""meridian ventures llc"",""thomas c shull""]",0,false,true,false,false,false,320333/000095012301502575/y48800ex10-1.txt
2002,QTR2,320333,000095012302005134,HANOVER DIRECT INC,10-Q,2002-05-14,https://mcc.law.stanford.edu/data/320333/000095012302005134/y60283ex10-1.txt,EX-10.1,EX-10,text/plain,services,"[""hanover direct inc"",""meridian ventures llc"",""thomas c shull""]","[""hanover direct inc"",""meridian ventures llc"",""thomas c shull""]",0,false,true,false,false,false,320333/000095012302005134/y60283ex10-1.txt
2001,QTR2,320345,000095013301501075,MICROS SYSTEMS INC,10-Q,2001-05-14,https://mcc.law.stanford.edu/data/320345/000095013301501075/w49174ex10-a.txt,EX-10.A,EX-10,text/plain,services,"[""louis brown"",""louis m brown jr"",""micros systems inc""]","[""louis brown"",""louis m brown jr"",""micros systems inc""]",0,false,true,false,false,false,320345/000095013301501075/w49174ex10-a.txt
2002,QTR2,355766,000095013402003865,HALLWOOD GROUP INC,10-K,2002-04-16,https://mcc.law.stanford.edu/data/355766/000095013402003865/d95365ex10-9.txt,EX-10.9,EX-10,text/plain,services,"[""hallwood group inc"",""hsc financial corporation""]","[""hallwood group inc"",""hallwood group incorporated"",""hsc financial corporation""]",0,false,true,false,false,false,355766/000095013402003865/d95365ex10-9.txt
2002,QTR2,355999,000091205702012811,UNITED STATIONERS INC,10-K,2002-04-01,https://mcc.law.stanford.edu/data/355999/000091205702012811/a2073884zex-10_3.txt,EX-10.3,EX-10,text/plain,services,"[""chase manhattan bank"",""united stationers financial services llc"",""united stationers inc"",""united stationers supply co"",""uss receivables company ltd""]","[""chase manhattan bank"",""united stationers financial services llc"",""united stationers inc"",""united stationers supply co"",""uss receivables company ltd""]",0,false,true,true,false,false,355999/000091205702012811/a2073884zex-10_3.txt
2002,QTR2,356309,000095012302005116,NEW JERSEY RESOURCES CORP,10-Q,2002-05-14,https://mcc.law.stanford.edu/data/356309/000095012302005116/y60698ex10-1.txt,EX-10.1,EX-10,text/plain,services,"[""ecorp marketing llc"",""new jersey resources corporation"",""njr energy services company""]","[""ecorp marketing llc"",""new jersey resources corp"",""njr energy services company""]",0,false,true,true,false,false,356309/000095012302005116/y60698ex10-1.txt
2005,QTR2,356591,000095017205001395,NEUROLOGIX INC DE,8-K,2005-04-29,https://mcc.law.stanford.edu/data/356591/000095017205001395/neurol.txt,EX-10,EX-10,text/plain,services,"[""michael g kaplitt"",""neurologix inc de"",""neurologix research inc""]","[""michael g kaplitt"",""neurologix inc de"",""neurologix research inc""]",0,false,true,true,false,false,356591/000095017205001395/neurol.txt
2000,QTR2,37008,000095012300005631,FIRST UNION REAL ESTATE EQUITY   MORTGAGE INVESTMENTS,8-K,2000-06-07,https://mcc.law.stanford.edu/data/37008/000095012300005631/0000950123-00-005631-0003.txt,EX-99.2,EX-99,text/plain,services,"[""first union real estate equity and mortgage investments"",""radiant partners llc""]","[""first union real estate equity and mortgage investments"",""first union real estate equity mortgage investments"",""new york limited liability company"",""radiant partners llc""]",0,false,true,false,false,false,37008/000095012300005631/0000950123-00-005631-0003.txt
2002,QTR2,38242,000003824202000024,FORTUNE NATURAL RESOURCES CORP,8-K,2002-06-28,https://mcc.law.stanford.edu/data/38242/000003824202000024/exh10_1.txt,EX-10.1,EX-10,text/plain,services,"[""energy management corporation"",""fortune natural resources corporation"",""lamar oil and gas inc"",""lawton oil company"",""petro-guard company inc""]","[""energy management corporation"",""fortune natural resources corp"",""fortune natural resources corporation"",""lamar oil and gas inc"",""lawton oil company"",""petro-guard company inc""]",0,false,true,false,false,false,38242/000003824202000024/exh10_1.txt
2003,QTR2,38777,000003877703000269,FRANKLIN RESOURCES INC,10-Q,2003-05-12,https://mcc.law.stanford.edu/data/38777/000003877703000269/exh_10-69.txt,EX-10,EX-10,text/plain,services,"[""franklin resources inc"",""franklin templeton companies llc"",""ibm"",""international business machines corporation""]","[""franklin resources inc"",""franklin templeton companies llc"",""ibm"",""international business machines corporation""]",0,false,true,false,false,false,38777/000003877703000269/exh_10-69.txt
2002,QTR2,3975,000091205702013686,ALLIED VAN LINES INC,S-4/A,2002-04-04,https://mcc.law.stanford.edu/data/3975/000091205702013686/a2002828zex-10_17.txt,EX-10.17,EX-10,text/plain,services,"[""allied van lines inc"",""allied worldwide inc"",""cdandr"",""clayton dubilier and rice inc"",""north american van lines inc"",""wnc holding llc""]","[""allied van lines inc"",""allied worldwide inc"",""cdandr"",""clayton dubilier and rice inc"",""group"",""na holding corporation"",""north american van lines inc""]",0,false,true,true,false,false,3975/000091205702013686/a2002828zex-10_17.txt
2009,QTR2,40570,000089581309000094,GENERAL EMPLOYMENT ENTERPRISES INC,8-K,2009-06-26,https://mcc.law.stanford.edu/data/40570/000089581309000094/xex_10-2.txt,EX-10,EX-10,text/plain,services,"[""general employment enterprises inc"",""herbert f imhoff jr"",""psq llc""]","[""general employment enterprises inc"",""herbert f imhoff jr"",""psq llc""]",0,false,true,false,false,false,40570/000089581309000094/xex_10-2.txt
2001,QTR2,42037,000095014701501086,GOLD   MINERALS CO INC AZ,10-K,2001-06-08,https://mcc.law.stanford.edu/data/42037/000095014701501086/ex10-4.txt,EX-10.4,EX-10,text/plain,services,"[""el capitan ltd"",""gandmc"",""gold and minerals company inc"",""gold minerals co inc az"",""jmj partners""]","[""el capitan ltd"",""gandmc"",""gold and minerals company inc"",""gold minerals co inc az"",""jmj partners""]",0,false,true,true,false,false,42037/000095014701501086/ex10-4.txt
2002,QTR2,48272,000004827202000012,DOVER INVESTMENTS CORP,10-Q,2002-05-09,https://mcc.law.stanford.edu/data/48272/000004827202000012/exh10.txt,EX-10.22,EX-10,text/plain,services,"[""dover investments corporation"",""gic investment corporation"",""westco community builders inc""]","[""dover investments corp"",""dover investments corporation"",""gic investment corporation"",""westco community builders inc""]",0,false,true,false,false,false,48272/000004827202000012/exh10.txt
2001,QTR2,50471,000005047101500016,FIELDS TECHNOLOGIES INC,8-K,2001-06-28,https://mcc.law.stanford.edu/data/50471/000005047101500016/exb_99-7.txt,EX-99.7,EX-99,text/plain,services,"[""amerinet groupcom inc"",""fields technologies inc"",""liberty transfer company"",""park city group inc"",""primed technologies inc"",""yankee companies inc"",""yankees""]","[""amerinet groupcom inc"",""fields technologies inc"",""liberty transfer company"",""park city group inc"",""primed technologies inc"",""the yankee companies inc"",""yankees""]",0,false,true,false,false,false,50471/000005047101500016/exb_99-7.txt
2001,QTR2,54507,000095013001501182,WESTERN RESOURCES INC  KS,8-K,2001-05-02,https://mcc.law.stanford.edu/data/54507/000095013001501182/dex101.txt,EX-10.1,EX-10,text/plain,services,"[""westar industries inc"",""western resources inc""]","[""westar industries inc"",""western resources inc ks""]",0,false,true,false,false,false,54507/000095013001501182/dex101.txt
2002,QTR2,55604,000005560402000001,KEYSTONE CONSOLIDATED INDUSTRIES INC,10-K,2002-04-15,https://mcc.law.stanford.edu/data/55604/000005560402000001/exh101kci.txt,EX-10.1,EX-10,text/plain,services,"[""contran corporation"",""harold c simmons"",""keystone consolidated industries inc""]","[""contran corporation"",""harold c simmons"",""keystone consolidated industries inc""]",0,false,true,false,false,false,55604/000005560402000001/exh101kci.txt
2003,QTR2,55604,000005560403000002,KEYSTONE CONSOLIDATED INDUSTRIES INC,10-K,2003-04-11,https://mcc.law.stanford.edu/data/55604/000005560403000002/kciexh101.txt,EX-10.1,EX-10,text/plain,services,"[""contran corporation"",""harold c simmons"",""keystone consolidated industries inc""]","[""contran corporation"",""harold c simmons"",""keystone consolidated industries inc""]",0,false,true,false,false,false,55604/000005560403000002/kciexh101.txt
2006,QTR2,55604,000005560406000006,KEYSTONE CONSOLIDATED INDUSTRIES INC,10-K,2006-04-03,https://mcc.law.stanford.edu/data/55604/000005560406000006/kciexh1010.txt,EX-10.10,EX-10,text/plain,services,"[""contran corporation"",""keystone consolidated industries inc""]","[""contran corporation"",""keystone consolidated industries inc""]",0,false,true,false,false,false,55604/000005560406000006/kciexh1010.txt
2004,QTR2,59255,000005925504000016,VALHI INC  DE ,10-Q,2004-05-10,https://mcc.law.stanford.edu/data/59255/000005925504000016/viexh101.txt,EX-10.1,EX-10,text/plain,services,"[""contran corporation"",""valhi inc de""]","[""contran corporation"",""valhi inc de""]",0,false,true,false,false,false,59255/000005925504000016/viexh101.txt
2002,QTR2,64279,000006427902000009,MCMORAN EXPLORATION CO  DE ,10-K,2002-04-16,https://mcc.law.stanford.edu/data/64279/000006427902000009/ex10-08.txt,EX-10,EX-10,text/plain,services,"[""felmont oil corporation"",""freeport sulphur company"",""freeport-mcmoran resource partners limited partnership"",""mcmoran exploration co de""]","[""felmont oil corporation"",""freeport sulphur company"",""freeport-mcmoran resource partners limited partnership"",""mcmoran exploration co de""]",0,false,true,false,false,false,64279/000006427902000009/ex10-08.txt
2002,QTR2,64279,000006427902000009,MCMORAN EXPLORATION CO  DE ,10-K,2002-04-16,https://mcc.law.stanford.edu/data/64279/000006427902000009/ex10-09.txt,EX-10,EX-10,text/plain,services,"[""felmont oil corporation"",""freeport sulphur company"",""freeport-mcmoran resource partners limited partnership"",""homestake sulphur company"",""mcmoran exploration co de""]","[""felmont oil corporation"",""freeport sulphur company"",""freeport-mcmoran resource partners limited partnership"",""homestake sulphur company"",""mcmoran exploration co de""]",0,false,true,false,false,false,64279/000006427902000009/ex10-09.txt
2002,QTR2,64279,000006427902000009,MCMORAN EXPLORATION CO  DE ,10-K,2002-04-16,https://mcc.law.stanford.edu/data/64279/000006427902000009/mmr1050.txt,EX-10,EX-10,text/plain,services,"[""dr morrison bethea"",""fm services company"",""mcmoran exploration co de""]","[""dr morrison bethea"",""fm services company"",""mcmoran exploration co de""]",0,false,true,false,false,false,64279/000006427902000009/mmr1050.txt
2002,QTR2,700863,000095010902002893,SUSQUEHANNA BANCSHARES INC,10-Q,2002-05-13,https://mcc.law.stanford.edu/data/700863/000095010902002893/dex10vi.txt,EX-10.VI,EX-10,text/plain,services,"[""auto lenders liquidation center inc"",""boston service company inc"",""bsc"",""susquehanna bancshares inc""]","[""auto lenders liquidation center inc"",""boston service company inc"",""bsc"",""susquehanna bancshares inc""]",0,false,true,false,false,false,700863/000095010902002893/dex10vi.txt
2001,QTR2,702513,000095014901500382,REDDING BANCORP,8-K,2001-04-04,https://mcc.law.stanford.edu/data/702513/000095014901500382/f71197ex10-10.txt,EX-10.10,EX-10,text/plain,services,"[""cardservice international inc"",""redding bancorp"",""redding bank of commerce""]","[""cardservice international inc"",""redding bancorp"",""redding bank of commerce""]",0,false,true,false,false,false,702513/000095014901500382/f71197ex10-10.txt
2003,QTR2,706270,000095015303000613,AMERICA WEST AIRLINES INC,10-K,2003-04-01,https://mcc.law.stanford.edu/data/706270/000095015303000613/p67516exv10w56.txt,EX-10.56,EX-10,text/plain,services,"[""air midwest inc"",""america west airlines inc"",""awa"",""freedom airlines inc"",""mesa airlines inc""]","[""a awa"",""air midwest inc"",""america west airlines inc"",""freedom airlines inc"",""mesa airlines inc""]",0,false,true,false,false,false,706270/000095015303000613/p67516exv10w56.txt
2004,QTR2,718007,000092623604000056,CARRINGTON LABORATORIES INC  TX ,8-K,2004-04-22,https://mcc.law.stanford.edu/data/718007/000092623604000056/exh10-1.txt,EX-10.1,EX-10,text/plain,services,"[""carrington laboratories inc tx"",""medline industries inc""]","[""carrington laboratories inc tx"",""medline industries inc""]",0,false,true,false,false,false,718007/000092623604000056/exh10-1.txt
2001,QTR2,719529,000103221001500535,IMMUNEX CORP  DE ,10-Q,2001-05-11,https://mcc.law.stanford.edu/data/719529/000103221001500535/dex101.txt,EX-10.1,EX-10,text/plain,services,"[""american home products corporation"",""greenwich holdings west greenwich"",""immunex corp de"",""immunex corporation"",""peggy phillips""]","[""american home products corp"",""greenwich holding's west greenwich"",""immunex corp de"",""immunex corporation"",""peggy phillips""]",0,false,true,false,false,false,719529/000103221001500535/dex101.txt
2000,QTR2,719598,000091205700029928,MOLECULAR BIOSYSTEMS INC,10-Q/A,2000-06-27,https://mcc.law.stanford.edu/data/719598/000091205700029928/ex-10_1.txt,EX-10.1,EX-10,text/plain,services,"[""mallinckrodt inc"",""mbi"",""molecular biosystems inc""]","[""mallinckrodt inc"",""mbi"",""molecular biosystems inc""]",0,false,true,true,false,false,719598/000091205700029928/ex-10_1.txt
2001,QTR2,72162,000007216201500005,NL INDUSTRIES INC,10-Q,2001-05-11,https://mcc.law.stanford.edu/data/72162/000007216201500005/nlform_10q032001ex10-1.txt,EX-10.1,EX-10,text/plain,services,"[""contran corporation"",""nl industries inc"",""valhi inc""]","[""contran corporation"",""nl industries inc"",""valhi inc""]",0,false,true,false,false,false,72162/000007216201500005/nlform_10q032001ex10-1.txt
2002,QTR2,72162,000007216202000009,NL INDUSTRIES INC,10-Q,2002-05-14,https://mcc.law.stanford.edu/data/72162/000007216202000009/nlform_10q1q2002ex10-1.txt,EX-10.1,EX-10,text/plain,services,"[""contran corporation"",""nl industries inc""]","[""contran corporation"",""nl industries inc""]",0,false,true,false,false,false,72162/000007216202000009/nlform_10q1q2002ex10-1.txt
2004,QTR2,72162,000007216204000009,NL INDUSTRIES INC,10-Q,2004-05-05,https://mcc.law.stanford.edu/data/72162/000007216204000009/nl_10q2004ex10-1.txt,EX-10.1,EX-10,text/plain,services,"[""contran corporation"",""nl industries inc""]","[""contran corporation"",""nl industries inc""]",0,false,true,false,false,false,72162/000007216204000009/nl_10q2004ex10-1.txt
2004,QTR2,722051,000072205104000035,NCT GROUP INC,10-K,2004-04-08,https://mcc.law.stanford.edu/data/722051/000072205104000035/exh-10dp.txt,EX-10.DP,EX-10,text/plain,services,"[""acme associates inc"",""nct group inc""]","[""acme associates inc"",""nct group inc""]",0,false,true,false,false,false,722051/000072205104000035/exh-10dp.txt
2004,QTR2,722051,000072205104000035,NCT GROUP INC,10-K,2004-04-08,https://mcc.law.stanford.edu/data/722051/000072205104000035/exh-10dt.txt,EX-10.DT,EX-10,text/plain,services,"[""acme associates inc"",""nct group inc""]","[""acme associates inc"",""nct group inc""]",0,false,true,false,false,false,722051/000072205104000035/exh-10dt.txt
2005,QTR2,724988,000091064705000165,PARLEX CORP,10-Q,2005-05-16,https://mcc.law.stanford.edu/data/724988/000091064705000165/parl3q104.txt,EX-10,EX-10,text/plain,services,"[""infineon technologies asia pacific pte ltd"",""parlex asia pacific ltd"",""parlex corp""]","[""infineon technologies asia pacific pte ltd"",""parlex asia pacific ltd"",""parlex corp""]",0,false,true,false,false,false,724988/000091064705000165/parl3q104.txt
2004,QTR2,725058,000072505804000013,CYTOGEN CORP,10-Q,2004-05-07,https://mcc.law.stanford.edu/data/725058/000072505804000013/ex10_2q1-2004.txt,EX-10,EX-10,text/plain,services,"[""bms"",""bristol-myers squibb medical imaging inc"",""cytogen corp"",""cytogen corporation""]","[""bms"",""bristol-myers squibb medical imaging inc"",""cytogen corp"",""cytogen corporation""]",0,false,true,true,false,false,725058/000072505804000013/ex10_2q1-2004.txt
2001,QTR2,725627,000093176301000795,HEALTHWATCH INC,S-4/A,2001-04-09,https://mcc.law.stanford.edu/data/725627/000093176301000795/0000931763-01-000795-0021.txt,EX-10.8,EX-10,text/plain,services,"[""commonwealth associates"",""healthwatch inc""]","[""commonwealth associates l p"",""healthwatch inc""]",0,false,true,true,false,false,725627/000093176301000795/0000931763-01-000795-0021.txt
2001,QTR2,725627,000093176301000795,HEALTHWATCH INC,S-4/A,2001-04-09,https://mcc.law.stanford.edu/data/725627/000093176301000795/0000931763-01-000795-0023.txt,EX-10.11,EX-10,text/plain,services,"[""halis inc"",""healthwatch inc""]","[""halis inc"",""healthwatch inc""]",0,false,true,false,false,false,725627/000093176301000795/0000931763-01-000795-0023.txt
2001,QTR2,725627,000093176301500437,HEALTHWATCH INC,S-4/A,2001-05-04,https://mcc.law.stanford.edu/data/725627/000093176301500437/dex1011.txt,EX-10.11,EX-10,text/plain,services,"[""halis inc"",""healthwatch inc""]","[""halis inc"",""healthwatch inc""]",0,false,true,false,false,false,725627/000093176301500437/dex1011.txt
2004,QTR2,726845,000116923204002187,CAPITAL GOLD CORP,8-K,2004-04-12,https://mcc.law.stanford.edu/data/726845/000116923204002187/d59234_ex10-1.txt,EX-10.1,EX-10,text/plain,services,"[""capital gold corporation"",""grupo minero fg sa de cv"",""jack veeder everett"",""minera santa rita s de r l de cv"",""roger austin newell"",""samuel fraijo flores""]","[""capital gold corp"",""grupo minero fg sa de cv"",""jack veeder everett"",""minera santa rita s de r l de cv"",""roger austin newell"",""samuel fraijo flores""]",0,false,true,false,false,true,726845/000116923204002187/d59234_ex10-1.txt
2002,QTR2,728391,000095010302000333,IPALCO ENTERPRISES INC,S-4,2002-04-03,https://mcc.law.stanford.edu/data/728391/000095010302000333/ex10_2.txt,EX-10.2,EX-10,text/plain,services,"[""cincinnati gas and electric company"",""cinergy services inc"",""indianapolis power and light company"",""ipalco enterprises inc"",""psi energy inc""]","[""cincinnati gas and electric company"",""cinergy services inc"",""indianapolis power and light company"",""ipalco enterprises inc"",""psi energy inc""]",0,false,true,false,false,false,728391/000095010302000333/ex10_2.txt
2004,QTR2,729922,000095012304007896,OSI PHARMACEUTICALS INC,8-K,2004-06-28,https://mcc.law.stanford.edu/data/729922/000095012304007896/y98592exv10w1.txt,EX-10.1,EX-10,text/plain,services,"[""genentech inc"",""isis pharmaceuticals inc""]","[""genentech inc"",""osi pharmaceuticals inc""]",0,false,true,false,false,false,729922/000095012304007896/y98592exv10w1.txt
2004,QTR2,732485,000104746904016438,GENZYME CORP,10-Q,2004-05-07,https://mcc.law.stanford.edu/data/732485/000104746904016438/a2135275zex-10_1.txt,EX-10.1,EX-10,text/plain,services,"[""geltex pharmaceuticals inc"",""genzyme corp"",""genzyme corporation"",""sankyo"",""sankyo pharma inc""]","[""a sankyo"",""geltex pharmaceuticals inc"",""genzyme corp"",""genzyme corporation"",""sankyo pharma inc""]",0,false,true,false,false,false,732485/000104746904016438/a2135275zex-10_1.txt
2002,QTR2,736994,000091205702020710,ALLIANCE PHARMACEUTICAL CORP,10-Q,2002-05-15,https://mcc.law.stanford.edu/data/736994/000091205702020710/a2079594zex-10_b.txt,EX-10.(B),EX-10,text/plain,services,"[""alliance pharmaceutical corporation"",""schering aktiengesellschaft""]","[""alliance pharmaceutical corp"",""schering aktiengesellschaft""]",0,false,true,true,false,false,736994/000091205702020710/a2079594zex-10_b.txt
2000,QTR2,742550,000095012900003121,XETA TECHNOLOGIES INC,10-Q,2000-06-14,https://mcc.law.stanford.edu/data/742550/000095012900003121/0000950129-00-003121-0005.txt,EX-10.10,EX-10,text/plain,services,"[""inacom communications inc"",""lucent technologies inc"",""ncl corporation ltd"",""xeta technologies inc""]","[""inacom communications inc"",""lucent technologies inc"",""xeta corporation"",""xeta technologies inc""]",0,false,true,false,false,false,742550/000095012900003121/0000950129-00-003121-0005.txt
2003,QTR2,745732,000120677403000339,ROSS STORES INC,10-K,2003-04-23,https://mcc.law.stanford.edu/data/745732/000120677403000339/ex10-19.txt,EX-10.19,EX-10,text/plain,services,"[""norman a ferber"",""ross stores inc""]","[""norman a ferber"",""ross stores inc""]",0,false,true,false,false,false,745732/000120677403000339/ex10-19.txt
2002,QTR2,750901,000095010902001875,FISCHER IMAGING CORP,10-K,2002-04-01,https://mcc.law.stanford.edu/data/750901/000095010902001875/dex107.txt,EX-10.7,EX-10,text/plain,services,"[""ees"",""ethicon endo-surgery inc"",""fimg"",""fischer imaging corporation""]","[""ees"",""ethicon endo-surgery inc"",""fimg"",""fischer imaging corp"",""fischer imaging corporation""]",0,false,true,false,false,false,750901/000095010902001875/dex107.txt
2001,QTR2,75679,000007567901500005,GCI INC,10-Q,2001-05-15,https://mcc.law.stanford.edu/data/75679/000007567901500005/sprint6amend.txt,EX-10,EX-10,text/plain,services,"[""gci communication corp"",""gci inc"",""general communication inc"",""sprint communications company lp""]","[""gci communication corp"",""gci inc"",""general communications inc"",""sprint communications company l""]",0,false,true,false,false,false,75679/000007567901500005/sprint6amend.txt
2001,QTR2,75679,000007567901500005,GCI INC,10-Q,2001-05-15,https://mcc.law.stanford.edu/data/75679/000007567901500005/worldcom5amend.txt,EX-10,EX-10,text/plain,services,"[""gci communication corp"",""gci inc"",""general communication inc"",""mci telecommunications corporation"",""mci worldcom network services inc""]","[""gci communications corp"",""gci inc"",""general communications inc"",""mci telecommunications corporation"",""mci worldcom network services inc""]",0,false,true,false,false,false,75679/000007567901500005/worldcom5amend.txt
2001,QTR2,75679,000007567901500005,GCI INC,10-Q,2001-05-15,https://mcc.law.stanford.edu/data/75679/000007567901500005/worldcom6amend.txt,EX-10,EX-10,text/plain,services,"[""gci communication corp"",""gci inc"",""general communication inc"",""mci telecommunications corporation"",""mci worldcom network services inc""]","[""gci communications corp"",""gci inc"",""general communications inc"",""mci telecommunications corporation"",""mci worldcom network services inc"",""mwns""]",0,false,true,false,false,false,75679/000007567901500005/worldcom6amend.txt
2001,QTR2,75679,000007567901500005,GCI INC,10-Q,2001-05-15,https://mcc.law.stanford.edu/data/75679/000007567901500005/worldcom7amend.txt,EX-10,EX-10,text/plain,services,"[""gci communication corp"",""gci inc"",""general communication inc"",""mci telecommunications corporation"",""mci worldcom network services inc""]","[""gci communication corp"",""gci inc"",""general communication inc"",""mci telecommunications corporation"",""mci worldcom network services inc""]",0,false,true,false,false,false,75679/000007567901500005/worldcom7amend.txt
2003,QTR2,757439,000089102003001267,NORDSTROM CREDIT INC,10-K,2003-04-17,https://mcc.law.stanford.edu/data/757439/000089102003001267/v89151exv10w6.txt,EX-10.6,EX-10,text/plain,services,"[""nci"",""nordstrom credit inc"",""nordstrom fsb""]","[""nci"",""nordstrom credit inc"",""nordstrom fsb""]",0,false,true,false,false,false,757439/000089102003001267/v89151exv10w6.txt
2003,QTR2,757439,000089102003001267,NORDSTROM CREDIT INC,10-K,2003-04-17,https://mcc.law.stanford.edu/data/757439/000089102003001267/v89151exv10w7.txt,EX-10.7,EX-10,text/plain,services,"[""nci"",""nordstrom credit inc"",""nordstrom fsb""]","[""nci"",""nordstrom credit inc"",""nordstrom fsb""]",0,false,true,false,false,false,757439/000089102003001267/v89151exv10w7.txt
2001,QTR2,757439,000109581101501476,NORDSTROM CREDIT INC,10-K,2001-04-24,https://mcc.law.stanford.edu/data/757439/000109581101501476/v71802ex10-3.txt,EX-10.3,EX-10,text/plain,services,"[""nordstrom credit inc"",""nordstrom fsb"",""nordstrom national credit bank""]","[""nncb"",""nordstrom credit inc"",""nordstrom fsb"",""nordstrom national credit bank""]",0,false,true,false,false,false,757439/000109581101501476/v71802ex10-3.txt
2002,QTR2,760436,000089256902000822,MAI SYSTEMS CORP,10-K,2002-04-16,https://mcc.law.stanford.edu/data/760436/000089256902000822/a80418ex10-30.txt,EX-10.30,EX-10,text/plain,services,"[""mai systems corporation"",""orchard capital corporation""]","[""mai systems corp"",""orchard capital corporation""]",0,false,true,false,false,false,760436/000089256902000822/a80418ex10-30.txt
2002,QTR2,761648,000095011602000580,CEDAR INCOME FUND LTD  MD ,10-K,2002-04-01,https://mcc.law.stanford.edu/data/761648/000095011602000580/exh_10-31.txt,EX-10,EX-10,text/plain,services,"[""cedar bay realty advisors inc"",""cedar income fund ltd md"",""cedar income fund partnership lp""]","[""cedar bay realty advisors inc"",""cedar income fund ltd md"",""cedar income fund partnership l""]",0,false,true,false,false,false,761648/000095011602000580/exh_10-31.txt
2002,QTR2,761648,000095011602000580,CEDAR INCOME FUND LTD  MD ,10-K,2002-04-01,https://mcc.law.stanford.edu/data/761648/000095011602000580/exh_10-32.txt,EX-10,EX-10,text/plain,services,"[""cedar bay realty advisors inc"",""cedar income fund ltd md"",""cedar income fund partnership lp""]","[""cedar bay realty advisors inc"",""cedar income fund ltd md"",""cedar income fund partnership l""]",0,false,true,false,false,false,761648/000095011602000580/exh_10-32.txt
2002,QTR2,761648,000095011602000580,CEDAR INCOME FUND LTD  MD ,10-K,2002-04-01,https://mcc.law.stanford.edu/data/761648/000095011602000580/exh_10-33.txt,EX-10,EX-10,text/plain,services,"[""cedar bay realty advisors inc"",""cedar income fund ltd md"",""cedar income fund partnership lp""]","[""cedar bay realty advisors inc"",""cedar income fund ltd md"",""cedar income fund partnership lp""]",0,false,true,false,false,false,761648/000095011602000580/exh_10-33.txt
2002,QTR2,765258,000095012302003290,IMCLONE SYSTEMS INC DE,10-K,2002-04-01,https://mcc.law.stanford.edu/data/765258/000095012302003290/y58958ex10-88.txt,EX-10.88,EX-10,text/plain,services,"[""imclone systems incorporated"",""scheuble""]","[""imclone systems inc de"",""imclone systems incorporated"",""scheuble""]",0,false,true,false,false,false,765258/000095012302003290/y58958ex10-88.txt
2005,QTR2,767404,000095017205002035,ZOND PANAERO WINDSYSTEM PARTNERS I,8-K,2005-06-29,https://mcc.law.stanford.edu/data/767404/000095017205002035/was5260ex10-4.txt,EX-10.4,EX-10,text/plain,services,"[""enron wind systems llc"",""ews"",""zond panaero windsystem partners i""]","[""enron wind systems llc"",""ews"",""zond panaero windsystem partners i""]",0,false,true,false,false,false,767404/000095017205002035/was5260ex10-4.txt
2002,QTR2,768892,000095013402005453,HEALTHAXIS INC,10-Q,2002-05-14,https://mcc.law.stanford.edu/data/768892/000095013402005453/d96688ex10-2.txt,EX-10.2,EX-10,text/plain,services,"[""fka insurdata imaging services llc"",""hais"",""healthaxis imaging services llc"",""healthaxis inc"",""mega life and health insurance company"",""mid-west national life insurance company of tennessee""]","[""f/k/a insurdata imaging services llc"",""hais"",""healthaxis imaging services llc"",""healthaxis inc"",""mega life and health insurance company"",""mid-west national life insurance company of tennessee""]",0,false,true,false,false,false,768892/000095013402005453/d96688ex10-2.txt
2002,QTR2,777199,000091403902000243,SAGE LIFE ASSURANCE OF AMERICA INC,10-Q,2002-05-15,https://mcc.law.stanford.edu/data/777199/000091403902000243/y60767ex10-2.txt,EX-10.2,EX-10,text/plain,services,"[""life reassurance corporation"",""of america"",""sage life assurance of america inc""]","[""life reassurance corporation of america"",""sage life assurance of america inc""]",0,false,true,false,false,false,777199/000091403902000243/y60767ex10-2.txt
2003,QTR2,777199,000095012303004276,SAGE LIFE ASSURANCE OF AMERICA INC,10-K,2003-04-15,https://mcc.law.stanford.edu/data/777199/000095012303004276/y85446exv10w11.txt,EX-10.11,EX-10,text/plain,services,"[""sage insurance group inc"",""sage life assurance of america inc""]","[""sage insurance group inc"",""sage life assurance of america inc""]",0,false,true,false,false,false,777199/000095012303004276/y85446exv10w11.txt
2006,QTR2,783041,000095017206000251,ZOND WINDSYSTEM PARTNERS LTD SERIES 85 C,10-K/A,2006-06-12,https://mcc.law.stanford.edu/data/783041/000095017206000251/was5344ex10-8.txt,EX-10,EX-10,text/plain,services,"[""pacific gas electric co"",""pgande"",""wind developers inc"",""zond windsystem partners ltd series 85 a""]","[""pacific gas and electric company"",""pgande"",""wind developers inc"",""zond windsystem partners ltd series 85 c""]",0,false,true,false,false,false,783041/000095017206000251/was5344ex10-8.txt
2007,QTR2,791770,000117091807000386,PEOPLES LIBERATION INC,8-K,2007-05-14,https://mcc.law.stanford.edu/data/791770/000117091807000386/ex10-1e.txt,EX-10,EX-10,text/plain,services,"[""peoples liberation inc"",""william rast sourcing llc""]","[""peoples liberation inc"",""william rast sourcing llc""]",0,false,true,true,false,false,791770/000117091807000386/ex10-1e.txt
2007,QTR2,791770,000117091807000386,PEOPLES LIBERATION INC,8-K,2007-05-14,https://mcc.law.stanford.edu/data/791770/000117091807000386/ex10-2c.txt,EX-10,EX-10,text/plain,services,"[""peoples liberation inc"",""william rast licensing llc""]","[""peoples liberation inc"",""william rast licensing llc""]",0,false,true,true,false,false,791770/000117091807000386/ex10-2c.txt
2002,QTR2,791908,000095016202000658,XOMA LTD  DE ,10-Q,2002-05-15,https://mcc.law.stanford.edu/data/791908/000095016202000658/xomaex1039a.txt,EX-10.39A,EX-10,text/plain,services,"[""onyx pharmaceuticals inc"",""xoma llc"",""xoma ltd de""]","[""onyx pharmaceuticals inc"",""xoma (us) llc"",""xoma ltd de""]",0,false,true,false,false,false,791908/000095016202000658/xomaex1039a.txt
2001,QTR2,795662,000095012901500836,STERLING CHEMICALS HOLDINGS INC  TX ,10-Q,2001-05-15,https://mcc.law.stanford.edu/data/795662/000095012901500836/h87345ex10-1.txt,EX-10.1,EX-10,text/plain,services,"[""a bp"",""b bp"",""bp chemicals inc"",""sci"",""sterling chemicals holdings inc tx"",""sterling chemicals inc""]","[""a bp"",""b bp"",""bp chemicals inc"",""sci"",""sterling chemicals holdings inc tx"",""sterling chemicals inc""]",0,false,true,true,false,false,795662/000095012901500836/h87345ex10-1.txt
2001,QTR2,796735,000095013001500464,INTEREP NATIONAL RADIO SALES INC,10-K,2001-04-02,https://mcc.law.stanford.edu/data/796735/000095013001500464/dex105.txt,EX-10.5,EX-10,text/plain,services,"[""interep national radio sales inc"",""media financial services inc""]","[""interep national radio sales inc"",""media financial services inc""]",0,false,true,true,false,false,796735/000095013001500464/dex105.txt
2001,QTR2,796764,000104488501500043,RMS TITANIC INC,10-K,2001-06-18,https://mcc.law.stanford.edu/data/796764/000104488501500043/ex10-32.txt,EX-10.32,EX-10,text/plain,services,"[""magicworks entertainment inc"",""rms titanic inc"",""rmst"",""sfx family entertainment inc"",""sfxfe""]","[""a rmst"",""b rmst"",""c rmst"",""magicworks entertainment inc"",""rms titanic inc"",""sfx family entertainment inc"",""sfxfe""]",0,false,true,false,false,false,796764/000104488501500043/ex10-32.txt
2002,QTR2,796764,000104488502000053,RMS TITANIC INC,10-K,2002-06-18,https://mcc.law.stanford.edu/data/796764/000104488502000053/ex10-32.txt,EX-10.32,EX-10,text/plain,services,"[""magicworks entertainment inc"",""rms titanic inc"",""rmst"",""sfx family entertainment inc"",""sfxfe""]","[""a rmst"",""b rmst"",""c rmst"",""magicworks entertainment inc"",""rms titanic inc"",""sfx family entertainment inc"",""sfxfe""]",0,false,true,false,false,false,796764/000104488502000053/ex10-32.txt
2002,QTR2,796764,000104488502000053,RMS TITANIC INC,10-K,2002-06-18,https://mcc.law.stanford.edu/data/796764/000104488502000053/ex10-33.txt,EX-10.33,EX-10,text/plain,services,"[""cce exhibits"",""clear channel entertainment - exhibits inc"",""magicworks entertainment inc"",""rms titanic inc"",""rmst"",""sfx family entertainment inc""]","[""a rmst"",""b rmst"",""cce exhibits"",""clear channel entertainment - exhibits inc"",""magicworks entertainment inc"",""rms titanic inc"",""sfx family entertainment inc""]",0,false,true,false,false,false,796764/000104488502000053/ex10-33.txt
2004,QTR2,796764,000104488504000031,RMS TITANIC INC,10-K,2004-06-15,https://mcc.law.stanford.edu/data/796764/000104488504000031/ex10-52.txt,EX-10.52,EX-10,text/plain,services,"[""cce exhibits"",""clear channel entertainment - exhibits inc"",""magicworks entertainment inc"",""rms titanic inc"",""rmst"",""sfx family entertainment inc""]","[""a rmst"",""cce exhibits"",""clear channel entertainment - exhibits inc"",""magicworks entertainment inc"",""rms titanic inc"",""sfx family entertainment inc""]",0,false,true,false,false,false,796764/000104488504000031/ex10-52.txt
2002,QTR2,799515,000095015202003276,MICHAEL ANTHONY JEWELERS INC,10-K,2002-04-24,https://mcc.law.stanford.edu/data/799515/000095015202003276/l93497aex10-31.txt,EX-10.31,EX-10,text/plain,services,"[""fleet precious metals inc"",""michael anthony jewelers inc""]","[""fleet precious metals inc"",""michael anthony jewelers inc""]",0,false,true,false,false,false,799515/000095015202003276/l93497aex10-31.txt
2004,QTR2,799698,000095014804000929,CYTRX CORP,10-K,2004-05-14,https://mcc.law.stanford.edu/data/799698/000095014804000929/v97722exv10w57.txt,EX-10.57,EX-10,text/plain,services,"[""cytrx corp"",""cytrx corporation"",""financial west group"",""kcg"",""kriegsman capital group llc"",""kriegsman group"",""steven a kriegsman"",""tkg""]","[""cytrx corp"",""cytrx corporation"",""financial west group"",""kcg"",""kriegsman capital group"",""kriegsman group"",""steven a kriegsman b"",""tkg""]",0,false,true,true,false,false,799698/000095014804000929/v97722exv10w57.txt
2005,QTR2,801793,000089322005001402,INDIANAPOLIS PHYSICAL THERAPY   SPORTS MEDICINE INC,S-4,2005-06-16,https://mcc.law.stanford.edu/data/801793/000089322005001402/w09717exv10w45.txt,EX-10.45,EX-10,text/plain,services,"[""indianapolis physical therapy sports medicine inc"",""select medical corporation"",""thomas scully"",""welsh carson anderson and stowe""]","[""indianapolis physical therapy sports medicine inc"",""select medical corporation"",""thomas scully"",""welsh carson anderson and stowe""]",0,false,true,false,false,false,801793/000089322005001402/w09717exv10w45.txt
2001,QTR2,801793,000093066101501041,INDIANAPOLIS PHYSICAL THERAPY   SPORTS MEDICINE INC,S-4,2001-06-26,https://mcc.law.stanford.edu/data/801793/000093066101501041/dex1051.txt,EX-10.51,EX-10,text/plain,services,"[""indianapolis physical therapy sports medicine inc"",""saii"",""select air ii corporation"",""select medical corporation"",""select transport inc"",""smc""]","[""indianapolis physical therapy sports medicine inc"",""saii"",""select air ii corporation"",""select medical corporation"",""select transport inc"",""smc""]",0,false,true,false,false,false,801793/000093066101501041/dex1051.txt
2002,QTR2,805022,000080502202000002,BUCKEYE PARTNERS L P,10-Q,2002-05-09,https://mcc.law.stanford.edu/data/805022/000080502202000002/f102.txt,EX-10,EX-10,text/plain,services,"[""buckeye partners l p"",""buckeye pipe line company llc""]","[""buckeye partners l p"",""buckeye pipe line company lp""]",0,false,true,true,false,false,805022/000080502202000002/f102.txt
2004,QTR2,805022,000089322004000892,BUCKEYE PARTNERS L P,8-K,2004-05-04,https://mcc.law.stanford.edu/data/805022/000089322004000892/w96968exv99w4.txt,EX-99.4,EX-99,text/plain,services,"[""bmc con"",""buckeye management company"",""buckeye partners l p"",""buckeye pipe line company llc"",""buckeye pipe line services company""]","[""bmc con"",""buckeye management company llc"",""buckeye partners l p"",""buckeye pipe line company llc"",""buckeye pipe line services company""]",0,false,true,true,false,false,805022/000089322004000892/w96968exv99w4.txt
2001,QTR2,808461,000080846101500015,GENERAL COMMUNICATION INC,10-Q,2001-05-15,https://mcc.law.stanford.edu/data/808461/000080846101500015/sprint6amend.txt,EX-10,EX-10,text/plain,services,"[""gci communication corp"",""general communication inc"",""sprint communications company lp""]","[""gci communication corp"",""general communication inc"",""general communications inc"",""sprint communications company l""]",0,false,true,false,false,false,808461/000080846101500015/sprint6amend.txt
2001,QTR2,808461,000080846101500015,GENERAL COMMUNICATION INC,10-Q,2001-05-15,https://mcc.law.stanford.edu/data/808461/000080846101500015/worldcom5amend.txt,EX-10,EX-10,text/plain,services,"[""gci communication corp"",""general communication inc"",""mci telecommunications corporation"",""mci worldcom network services inc""]","[""gci communications corp"",""general communication inc"",""general communications inc"",""mci telecommunications corporation"",""mci worldcom network services inc""]",0,false,true,false,false,false,808461/000080846101500015/worldcom5amend.txt
2001,QTR2,808461,000080846101500015,GENERAL COMMUNICATION INC,10-Q,2001-05-15,https://mcc.law.stanford.edu/data/808461/000080846101500015/worldcom6amend.txt,EX-10,EX-10,text/plain,services,"[""gci communication corp"",""general communication inc"",""mci telecommunications corporation"",""mci worldcom network services inc""]","[""gci communications corp"",""general communication inc"",""general communications inc"",""mci telecommunications corporation"",""mci worldcom network services inc"",""mwns""]",0,false,true,false,false,false,808461/000080846101500015/worldcom6amend.txt
2001,QTR2,808461,000080846101500015,GENERAL COMMUNICATION INC,10-Q,2001-05-15,https://mcc.law.stanford.edu/data/808461/000080846101500015/worldcom7amend.txt,EX-10,EX-10,text/plain,services,"[""gci communication corp"",""general communication inc"",""mci telecommunications corporation"",""mci worldcom network services inc""]","[""gci communication corp"",""general communication inc"",""mci telecommunications corporation"",""mci worldcom network services inc""]",0,false,true,false,false,false,808461/000080846101500015/worldcom7amend.txt
2004,QTR2,809940,000095012304004302,MERRILL LYNCH MORTGAGE INVESTORS INC,8-K,2004-04-06,https://mcc.law.stanford.edu/data/809940/000095012304004302/y95926exv99w4.txt,EX-99.4,EX-99,text/plain,services,"[""cendant mortgage corporation"",""merrill lynch credit corporation"",""merrill lynch mortgage investors inc""]","[""cendant mortgage corporation d/b/a phh mortgage services"",""merrill lynch credit corporation"",""merrill lynch mortgage investors inc"",""mlcc""]",0,false,true,false,false,false,809940/000095012304004302/y95926exv99w4.txt
2004,QTR2,810332,000095015304001256,MESA AIR GROUP INC,10-Q,2004-05-17,https://mcc.law.stanford.edu/data/810332/000095015304001256/p69179exv10w3.txt,EX-10.3,EX-10,text/plain,services,"[""mesa air group inc"",""mesajet"",""us airways inc""]","[""mesa air group inc"",""mesajet"",""us airways inc""]",0,false,true,false,false,false,810332/000095015304001256/p69179exv10w3.txt
2004,QTR2,810332,000095015304001256,MESA AIR GROUP INC,10-Q,2004-05-17,https://mcc.law.stanford.edu/data/810332/000095015304001256/p69179exv10w4.txt,EX-10.4,EX-10,text/plain,services,"[""mesa air group inc"",""mesajet"",""us airways inc""]","[""mesa air group inc"",""mesajet"",""us airways inc""]",0,false,true,false,false,false,810332/000095015304001256/p69179exv10w4.txt
2002,QTR2,811437,000081143702000002,AMERICAN INSURED MORTGAGE INVESTORS L P SERIES 88,10-Q,2002-05-09,https://mcc.law.stanford.edu/data/811437/000081143702000002/exhibit-ifi.txt,EX-10,EX-10,text/plain,services,"[""american insured mortgage investors l p series 86"",""american insured mortgage investors lp"",""ifi"",""integrated funding inc""]","[""american insured mortgage investors l p series 88"",""american insured mortgage investors lp"",""ifi"",""integrated funding inc""]",0,false,true,false,false,false,811437/000081143702000002/exhibit-ifi.txt
2004,QTR2,812128,000095014404005812,SANDERSON FARMS INC,10-Q,2004-05-25,https://mcc.law.stanford.edu/data/812128/000095014404005812/g89377exv10w1.txt,EX-10.1,EX-10,text/plain,services,"[""sanderson farms inc"",""united food and commercial workers international union""]","[""sanderson farms inc"",""united food and commercial workers international union""]",0,false,true,false,false,false,812128/000095014404005812/g89377exv10w1.txt
2005,QTR2,813298,000081329805000064,CASUAL MALE RETAIL GROUP INC,8-K,2005-06-20,https://mcc.law.stanford.edu/data/813298/000081329805000064/jmiamend05.txt,EX-10,EX-10,text/plain,services,"[""casual male retail group inc"",""designs inc"",""jewelcor management inc"",""jmi""]","[""casual male retail group inc"",""designs inc"",""jewelcor management inc"",""jmi""]",0,false,true,false,false,false,813298/000081329805000064/jmiamend05.txt
2001,QTR2,815508,000095013501501663,BIOPURE CORP,10-Q,2001-06-14,https://mcc.law.stanford.edu/data/815508/000095013501501663/b39645bcex10-2.txt,EX-10.2,EX-10,text/plain,services,"[""biopure corp"",""biopure corporation"",""netcare"",""network healthcare holdings limited"",""tshepo pharmaceuticals""]","[""biopure corp"",""biopure corporation"",""netcare"",""network healthcare holdings limited"",""tshepo pharmaceuticals (pty""]",0,false,true,false,false,false,815508/000095013501501663/b39645bcex10-2.txt
2001,QTR2,815838,000095014401502161,NOVEN PHARMACEUTICALS INC,10-Q,2001-05-14,https://mcc.law.stanford.edu/data/815838/000095014401502161/g69008ex10-6.txt,EX-10.6,EX-10,text/plain,services,"[""noven pharmaceuticals inc"",""vivelle ventures llc""]","[""noven pharmaceuticals inc"",""vivelle ventures llc""]",0,false,true,false,false,false,815838/000095014401502161/g69008ex10-6.txt
2001,QTR2,817135,000091205701519808,ALLIANCE IMAGING INC  DE ,S-4/A,2001-06-14,https://mcc.law.stanford.edu/data/817135/000091205701519808/a2051533zex-10_27.txt,EX-10.27,EX-10,text/plain,services,"[""alliance imaging inc de"",""kohlberg kravis roberts and co""]","[""alliance imaging inc de"",""kohlberg kravis roberts and co"",""lp""]",0,false,true,false,false,false,817135/000091205701519808/a2051533zex-10_27.txt
2003,QTR2,820237,000093639203000669,GEN PROBE INC,10-Q,2003-05-09,https://mcc.law.stanford.edu/data/820237/000093639203000669/a89304exv10w52.txt,EX-10.52,EX-10,text/plain,services,"[""chiron corporation"",""gen probe inc"",""gen-probe incorporated""]","[""chiron corporation"",""gen probe inc"",""gen-probe incorporated""]",0,false,true,false,false,false,820237/000093639203000669/a89304exv10w52.txt
2011,QTR2,820600,000082060011000003,Omagine  Inc ,10-K,2011-04-15,https://mcc.law.stanford.edu/data/820600/000082060011000003/ex10-4_hamdanamendment.txt,EX-10,EX-10,text/plain,services,"[""alfa international holdings corp"",""omagine inc"",""sam hamdan""]","[""alfa international holdings corp"",""omagine inc"",""sam hamdan""]",0,false,true,false,false,false,820600/000082060011000003/ex10-4_hamdanamendment.txt
2004,QTR2,821407,000095014404005314,WOLVERINE TUBE INC,10-Q,2004-05-12,https://mcc.law.stanford.edu/data/821407/000095014404005314/g89122exv10w4.txt,EX-10.4,EX-10,text/plain,services,"[""fleet precious metals inc"",""fpm"",""wolverine tube inc""]","[""fleet precious metals inc"",""fpm"",""wolverine tube (canada) inc"",""wolverine tube inc""]",0,false,true,false,false,false,821407/000095014404005314/g89122exv10w4.txt
2004,QTR2,821407,000095014404005314,WOLVERINE TUBE INC,10-Q,2004-05-12,https://mcc.law.stanford.edu/data/821407/000095014404005314/g89122exv10w6.txt,EX-10.6,EX-10,text/plain,services,"[""fleet precious metals inc"",""fpm"",""wolverine tube inc""]","[""fleet precious metals inc"",""fpm"",""wolverine tube (canada) inc"",""wolverine tube inc""]",0,false,true,false,false,false,821407/000095014404005314/g89122exv10w6.txt
2005,QTR2,821407,000095014405004859,WOLVERINE TUBE INC,8-K,2005-05-04,https://mcc.law.stanford.edu/data/821407/000095014405004859/g94984exv10w4.txt,EX-10.4,EX-10,text/plain,services,"[""bank of america precious metals"",""bapm"",""fleet precious metals inc"",""wolverine joining technologies llc"",""wolverine tube inc""]","[""bank of america precious metals"",""bapm"",""fleet precious metals inc"",""wolverine joining technologies llc"",""wolverine tube inc""]",0,false,true,true,false,false,821407/000095014405004859/g94984exv10w4.txt
2004,QTR2,822206,000093639204000491,EPIMMUNE INC,10-Q,2004-05-10,https://mcc.law.stanford.edu/data/822206/000093639204000491/a98878exv10w48.txt,EX-10.48,EX-10,text/plain,services,"[""epimmune inc"",""epmn"",""gcor"",""genencor international inc""]","[""epimmune inc"",""epmn"",""gcor"",""genencor international inc""]",0,false,true,false,false,false,822206/000093639204000491/a98878exv10w48.txt
2004,QTR2,822206,000093639204000491,EPIMMUNE INC,10-Q,2004-05-10,https://mcc.law.stanford.edu/data/822206/000093639204000491/a98878exv10w50.txt,EX-10.50,EX-10,text/plain,services,"[""epimmune inc"",""genencor international inc"",""innogenetics""]","[""epimmune inc"",""genencor international inc"",""innogenetics""]",0,false,true,false,false,false,822206/000093639204000491/a98878exv10w50.txt
2003,QTR2,822663,000082266303000011,INTER PARFUMS INC,10-Q,2003-05-13,https://mcc.law.stanford.edu/data/822663/000082266303000011/e1096.txt,EX-10.4,EX-10,text/plain,services,"[""inter parfums inc"",""philippe benacin"",""registre du commerce et des societes de paris"",""sagatrans""]","[""inter parfums inc"",""philippe benacin"",""registre du commerce et des societes de paris"",""sagatrans""]",0,false,true,true,false,false,822663/000082266303000011/e1096.txt
2003,QTR2,822663,000082266303000011,INTER PARFUMS INC,10-Q,2003-05-13,https://mcc.law.stanford.edu/data/822663/000082266303000011/e10961.txt,EX-10.5,EX-10,text/plain,services,"[""corporate and trade register"",""inter parfums company"",""inter parfums inc"",""philippe benacin"",""sagatrans company""]","[""corporate and trade register"",""inter parfums company"",""inter parfums inc"",""philippe benacin"",""sagatrans company""]",0,false,true,false,false,false,822663/000082266303000011/e10961.txt
2001,QTR2,824169,000095013301001175,NEXTEL COMMUNICATIONS INC,10-K,2001-04-02,https://mcc.law.stanford.edu/data/824169/000095013301001175/w47107ex10-1_11.txt,EX-10.1.11,EX-10,text/plain,services,"[""iden"",""motorola inc"",""nextel communications inc""]","[""iden"",""motorola inc"",""nextel communications inc""]",0,false,true,false,false,false,824169/000095013301001175/w47107ex10-1_11.txt
2001,QTR2,824169,000095013301001175,NEXTEL COMMUNICATIONS INC,10-K,2001-04-02,https://mcc.law.stanford.edu/data/824169/000095013301001175/w47107ex10-1_12.txt,EX-10.1.12,EX-10,text/plain,services,"[""motorola"",""nextel communications inc""]","[""motorola"",""nextel communications inc""]",0,false,true,false,false,false,824169/000095013301001175/w47107ex10-1_12.txt
2001,QTR2,824169,000095013301501127,NEXTEL COMMUNICATIONS INC,10-Q,2001-05-15,https://mcc.law.stanford.edu/data/824169/000095013301501127/w49020ex10-1.txt,EX-10.1,EX-10,text/plain,services,"[""iden"",""motorola inc"",""nextel communications inc""]","[""iden"",""motorola inc"",""nextel communications inc""]",0,false,true,false,false,false,824169/000095013301501127/w49020ex10-1.txt
2003,QTR2,828750,000102140803007352,GSI COMMERCE INC,10-Q,2003-05-09,https://mcc.law.stanford.edu/data/828750/000102140803007352/dex102.txt,EX-10.2,EX-10,text/plain,services,"[""bluelightcom llc"",""gsi commerce inc"",""gsi commerce solutions inc"",""kmart corporation""]","[""bluelightcom llc"",""gsi commerce inc"",""gsi commerce solutions inc"",""kmart corporation""]",0,false,true,false,false,false,828750/000102140803007352/dex102.txt
2003,QTR2,828750,000102140803007352,GSI COMMERCE INC,10-Q,2003-05-09,https://mcc.law.stanford.edu/data/828750/000102140803007352/dex103.txt,EX-10.3,EX-10,text/plain,services,"[""bluelightcom llc"",""gsi commerce inc"",""gsi commerce solutions inc"",""kmart corporation""]","[""bluelightcom llc"",""gsi commerce inc"",""gsi commerce solutions inc"",""kmart corporation""]",0,false,true,false,false,false,828750/000102140803007352/dex103.txt
2002,QTR2,840319,000095012702000575,APHTON CORP,10-Q,2002-05-09,https://mcc.law.stanford.edu/data/840319/000095012702000575/exh10_1.txt,EX-10.1,EX-10,text/plain,services,"[""aphton corp"",""aphton corporation"",""smithkline beecham corporation"",""world trade center""]","[""aphton corp"",""aphton corporation"",""smithkline beecham plc"",""world trade center""]",0,false,true,false,false,false,840319/000095012702000575/exh10_1.txt
2003,QTR2,842633,000095013603001234,TRIMAS CORP,10-Q,2003-05-14,https://mcc.law.stanford.edu/data/842633/000095013603001234/file002.txt,EX-10.1,EX-10,text/plain,services,"[""metaldyne corporation"",""trimas corp"",""trimas corporation""]","[""metaldyne corporation"",""trimas corp"",""trimas corporation""]",0,false,true,false,false,false,842633/000095013603001234/file002.txt
2001,QTR2,842718,000084271801500010,TREMONT CORPORATION,10-Q,2001-05-14,https://mcc.law.stanford.edu/data/842718/000084271801500010/treex101.txt,EX-10,EX-10,text/plain,services,"[""contran corporation"",""tremont corporation"",""valhi inc""]","[""contran corporation"",""tremont corporation"",""valhi inc""]",0,false,true,false,false,false,842718/000084271801500010/treex101.txt
2002,QTR2,842718,000084271802000011,TREMONT CORPORATION,10-Q,2002-05-14,https://mcc.law.stanford.edu/data/842718/000084271802000011/tre10q1q02exhibit10-1.txt,EX-10,EX-10,text/plain,services,"[""contran corporation"",""tremont corporation""]","[""contran corporation"",""tremont corporation""]",0,false,true,false,false,false,842718/000084271802000011/tre10q1q02exhibit10-1.txt
2001,QTR2,845818,000093176301500658,RADIANT SYSTEMS INC,10-Q,2001-05-15,https://mcc.law.stanford.edu/data/845818/000093176301500658/dex102.txt,EX-10.2,EX-10,text/plain,services,"[""america online inc"",""aol"",""moviefone inc"",""radiant systems inc""]","[""america online inc"",""aol"",""mf"",""moviefone inc"",""radiant systems inc""]",0,false,true,false,false,false,845818/000093176301500658/dex102.txt
2004,QTR2,846815,000095012404002150,COLLINS   AIKMAN CORP,10-Q,2004-05-07,https://mcc.law.stanford.edu/data/846815/000095012404002150/k84966exv10w1.txt,EX-10.1,EX-10,text/plain,services,"[""collins aikman corp"",""collins and aikman corporation"",""collins and aikman products co"",""heartland industrial partners lp""]","[""collins aikman corp"",""collins and aikman corporation"",""collins and aikman products co"",""heartland industrial partners lp""]",0,false,true,false,false,false,846815/000095012404002150/k84966exv10w1.txt
2003,QTR2,846876,000107261303000787,PRESSTEK INC  DE ,10-Q,2003-05-13,https://mcc.law.stanford.edu/data/846876/000107261303000787/exh10-2_11916.txt,EX-10.2,EX-10,text/plain,services,"[""presstek inc de"",""xerox corporation""]","[""presstek inc de"",""xerox corporation""]",0,false,true,true,false,false,846876/000107261303000787/exh10-2_11916.txt
2004,QTR2,847383,000089016304000290,NEW FRONTIER MEDIA INC,10-K,2004-06-14,https://mcc.law.stanford.edu/data/847383/000089016304000290/s11-4473_ex1015l.txt,EX-10,EX-10,text/plain,services,"[""colorado satellite broadcasting inc"",""loral sk"",""new frontier media inc"",""skynet""]","[""colorado satellite broadcasting inc"",""loral sk"",""new frontier media inc"",""skynet""]",0,false,true,false,false,false,847383/000089016304000290/s11-4473_ex1015l.txt
2003,QTR2,847597,000090901203000388,TENGTU INTERNATIONAL CORP,10-Q,2003-05-19,https://mcc.law.stanford.edu/data/847597/000090901203000388/ex10-35.txt,EX-10.35,EX-10,text/plain,services,"[""beijing tengtu culture and education electronics development co ltd"",""tengtu china"",""tengtu international corporation"",""tengtu united electronics development co ltd"",""tic""]","[""beijing tengtu culture and education electronics development co ltd"",""tengtu china"",""tengtu international corp"",""tengtu united electronics development co ltd"",""tic""]",0,false,true,false,false,false,847597/000090901203000388/ex10-35.txt
2006,QTR2,853971,000095014406005054,STANDARD MANAGEMENT CORP,10-Q,2006-05-15,https://mcc.law.stanford.edu/data/853971/000095014406005054/g01592exv10w2.txt,EX-10.2,EX-10,text/plain,services,"[""amerisourcebergen drug corporation"",""standard management corporation""]","[""amerisourcebergen drug corporation"",""standard management corp"",""standard management corporation"",""standard management inc""]",0,false,true,false,false,false,853971/000095014406005054/g01592exv10w2.txt
2000,QTR2,855711,000095014400008345,MACKENZIE INVESTMENT MANAGEMENT INC,10-K,2000-06-29,https://mcc.law.stanford.edu/data/855711/000095014400008345/ex10-19.txt,EX-10.19,EX-10,text/plain,services,"[""ivy fund"",""mackenzie funds distribution inc"",""mackenzie investment management inc""]","[""ivy fund"",""mackenzie funds distribution inc"",""mackenzie investment management inc""]",0,false,true,true,false,false,855711/000095014400008345/ex10-19.txt
2000,QTR2,855711,000095014400008345,MACKENZIE INVESTMENT MANAGEMENT INC,10-K,2000-06-29,https://mcc.law.stanford.edu/data/855711/000095014400008345/ex10-27.txt,EX-10.27,EX-10,text/plain,services,"[""henderson investment management limited"",""ivy management inc"",""mackenzie investment management inc""]","[""henderson investment management limited"",""ivy management inc"",""mackenzie investment management inc""]",0,false,true,false,false,false,855711/000095014400008345/ex10-27.txt
2003,QTR2,857323,000095012303004781,GTECH HOLDINGS CORP,10-K,2003-04-25,https://mcc.law.stanford.edu/data/857323/000095012303004781/y85670exv10w20.txt,EX-10.20,EX-10,text/plain,services,"[""caixa economica federal"",""cef"",""gtech brasil ltda"",""gtech holdings corporation""]","[""caixa economica federal"",""cef"",""gtech brasil ltda"",""gtech holdings corp""]",0,false,true,false,false,false,857323/000095012303004781/y85670exv10w20.txt
2003,QTR2,857323,000095012303004781,GTECH HOLDINGS CORP,10-K,2003-04-25,https://mcc.law.stanford.edu/data/857323/000095012303004781/y85670exv10w21.txt,EX-10.21,EX-10,text/plain,services,"[""caixa economica federal"",""cef"",""gtech brasil ltda"",""gtech holdings corporation""]","[""caixa economica federal"",""cef"",""gtech brasil ltda"",""gtech holdings corp""]",0,false,true,false,false,false,857323/000095012303004781/y85670exv10w21.txt
2003,QTR2,857323,000095012303004781,GTECH HOLDINGS CORP,10-K,2003-04-25,https://mcc.law.stanford.edu/data/857323/000095012303004781/y85670exv10w22.txt,EX-10.22,EX-10,text/plain,services,"[""caixa economica federal"",""cef"",""gtech brasil ltda"",""gtech holdings corporation""]","[""caixa economica federal"",""cef"",""gtech brasil ltda"",""gtech holdings corp""]",0,false,true,false,false,false,857323/000095012303004781/y85670exv10w22.txt
2003,QTR2,857323,000095012303004781,GTECH HOLDINGS CORP,10-K,2003-04-25,https://mcc.law.stanford.edu/data/857323/000095012303004781/y85670exv10w23.txt,EX-10.23,EX-10,text/plain,services,"[""caixa economica federal"",""cef"",""gtech brasil ltda"",""gtech holdings corporation""]","[""caixa economica federal"",""cef"",""gtech brasil ltda"",""gtech holdings corp""]",0,false,true,false,false,false,857323/000095012303004781/y85670exv10w23.txt
2002,QTR2,863015,000095013102002417,ISLE OF CAPRI CASINOS INC,S-4/A,2002-06-19,https://mcc.law.stanford.edu/data/863015/000095013102002417/dex1017.txt,EX-10.17,EX-10,text/plain,services,"[""blackhawk gold ltd"",""casino america of colorado inc"",""isle of capri casinos inc""]","[""blackhawk gold ltd"",""casino america of colorado inc"",""isle of capri casinos inc""]",0,false,true,true,false,false,863015/000095013102002417/dex1017.txt
2003,QTR2,864292,000095015203005329,IRON AGE HOLDINGS CORP,10-K,2003-05-13,https://mcc.law.stanford.edu/data/864292/000095015203005329/j0082501exv10w70.txt,EX-10.70,EX-10,text/plain,services,"[""fenway partners resources inc"",""iron age corporation"",""iron age holdings corporation""]","[""fenway partners resources inc"",""iron age corporation"",""iron age holdings corp"",""iron age holdings corporation""]",0,false,true,false,false,false,864292/000095015203005329/j0082501exv10w70.txt
2002,QTR2,870398,000100547702001706,SBM CERTIFICATE CO,10-K,2002-04-18,https://mcc.law.stanford.edu/data/870398/000100547702001706/d50249_ex-10a.txt,EX-10.(A),EX-10,text/plain,services,"[""sbm certificate co"",""sbm certificate company"",""state bond and mortgage company llc""]","[""sbm certificate co"",""sbm certificate company"",""state bond and mortgage company llc""]",0,false,true,true,false,false,870398/000100547702001706/d50249_ex-10a.txt
2003,QTR2,870826,000095013403006834,VALUEVISION MEDIA INC,10-K,2003-04-30,https://mcc.law.stanford.edu/data/870826/000095013403006834/c74657exv10w59.txt,EX-10.59,EX-10,text/plain,services,"[""ralph lauren media llc"",""valuevision media inc"",""vvi fulfillment center inc""]","[""ralph lauren media llc"",""valuevision media inc"",""vvi fulfillment center inc""]",0,false,true,false,false,false,870826/000095013403006834/c74657exv10w59.txt
2002,QTR2,873364,000095016802001455,CEPHALON INC,10-Q,2002-05-15,https://mcc.law.stanford.edu/data/873364/000095016802001455/dex101.txt,EX-10.1,EX-10,text/plain,services,"[""cephalon inc"",""french pharmaceutical company laboratoire l"",""martyn d greenacre""]","[""cephalon inc"",""french pharmaceutical company laboratoire l"",""martyn d greenacre""]",0,false,true,false,false,false,873364/000095016802001455/dex101.txt
2002,QTR2,873364,000102140802008040,CEPHALON INC,10-K/A,2002-06-05,https://mcc.law.stanford.edu/data/873364/000102140802008040/dex1016b.txt,EX-10.16.B,EX-10,text/plain,services,"[""cephalon inc"",""dsm catalytica pharmaceuticals inc"",""trudy briley dsm catalytica pharmaceuticals""]","[""cephalon inc"",""dsm catalytica pharmaceuticals inc"",""trudy briley dsm catalytica pharmaceuticals""]",0,false,true,false,false,false,873364/000102140802008040/dex1016b.txt
2007,QTR2,874663,000095013507003656,ALKERMES INC,10-K,2007-06-14,https://mcc.law.stanford.edu/data/874663/000095013507003656/b65550akexv10w16xby.txt,EX-10.16(B),EX-10,text/plain,services,"[""alkermes inc""]","[""alkermes inc""]",0,false,true,false,false,false,874663/000095013507003656/b65550akexv10w16xby.txt
2007,QTR2,874663,000095013507003656,ALKERMES INC,10-K,2007-06-14,https://mcc.law.stanford.edu/data/874663/000095013507003656/b65550akexv10w16xcy.txt,EX-10.16(C),EX-10,text/plain,services,"[""alkermes inc"",""cephalon inc""]","[""alkermes inc"",""cephalon inc""]",0,false,true,false,false,false,874663/000095013507003656/b65550akexv10w16xcy.txt
2002,QTR2,874977,000095015202003948,STATE AUTO FINANCIAL CORP,10-Q,2002-05-10,https://mcc.law.stanford.edu/data/874977/000095015202003948/l94233aex10-ll.txt,EX-10.LL,EX-10,text/plain,services,"[""state auto financial corp"",""state auto pandc"",""state auto property and casualty insurance company"",""state automobile mutual insurance company""]","[""state auto financial corp"",""state auto financial corporation"",""state auto pandc"",""state auto property and casualty insurance company"",""state automobile mutual insurance company""]",0,false,true,false,false,false,874977/000095015202003948/l94233aex10-ll.txt
2002,QTR2,876427,000095015202005151,MONRO MUFFLER BRAKE INC,10-K,2002-06-28,https://mcc.law.stanford.edu/data/876427/000095015202005151/l94211aexv10w74a.txt,EX-10.74A,EX-10,text/plain,services,"[""hfm"",""honeywell international inc"",""monro muffler brake inc"",""monro service corporation""]","[""hfm"",""honeywell international inc"",""monro muffler brake inc"",""monro service corporation""]",0,false,true,false,false,false,876427/000095015202005151/l94211aexv10w74a.txt
2006,QTR2,876523,000095013406009366,EZCORP INC,10-Q,2006-05-10,https://mcc.law.stanford.edu/data/876523/000095013406009366/d36005exv10w100.txt,EX-10.100,EX-10,text/plain,services,"[""cso"",""dba integrity funding"",""ezcorp inc"",""integrity texas funding lp"",""texas ezpawn lp""]","[""cso"",""dba integrity funding"",""ezcorp inc"",""integrity texas funding lp"",""texas ezpawn lp""]",0,false,true,true,false,false,876523/000095013406009366/d36005exv10w100.txt
2006,QTR2,876523,000095013406009366,EZCORP INC,10-Q,2006-05-10,https://mcc.law.stanford.edu/data/876523/000095013406009366/d36005exv10w101.txt,EX-10.101,EX-10,text/plain,services,"[""cso"",""dba integrity funding"",""ezcorp inc"",""ezpawn florida inc"",""integrity florida funding lp""]","[""cso"",""dba integrity funding"",""ezcorp inc"",""ezpawn florida inc"",""integrity florida funding lp""]",0,false,true,true,false,false,876523/000095013406009366/d36005exv10w101.txt
2006,QTR2,876523,000095013406009366,EZCORP INC,10-Q,2006-05-10,https://mcc.law.stanford.edu/data/876523/000095013406009366/d36005exv10w99.txt,EX-10.99,EX-10,text/plain,services,"[""cso"",""dba integrity funding"",""ezcorp inc"",""integrity texas funding lp"",""texas ezmoney lp""]","[""cso"",""dba integrity funding"",""ezcorp inc"",""integrity texas funding lp"",""texas ezmoney lp""]",0,false,true,true,false,false,876523/000095013406009366/d36005exv10w99.txt
2004,QTR2,877357,000104746904016241,SEPRACOR INC  DE ,10-Q,2004-05-06,https://mcc.law.stanford.edu/data/877357/000104746904016241/a2135816zex-10_1.txt,EX-10.1,EX-10,text/plain,services,"[""abbott laboratories"",""ross products division"",""sepracor inc de""]","[""abbott laboratories inc"",""ross products division"",""sepracor inc de""]",0,false,true,false,false,false,877357/000104746904016241/a2135816zex-10_1.txt
2007,QTR2,878079,000089322007001372,BON TON STORES INC,10-K,2007-04-19,https://mcc.law.stanford.edu/data/878079/000089322007001372/w32716exv10w22xcy.txt,EX-10.22(C),EX-10,text/plain,services,"[""bon ton stores inc"",""hsbc bank"",""nevada national association""]","[""bon ton stores inc"",""bon-ton stores inc"",""hsbc bank nevada national association""]",0,false,true,false,false,false,878079/000089322007001372/w32716exv10w22xcy.txt
2007,QTR2,878079,000089322007001372,BON TON STORES INC,10-K,2007-04-19,https://mcc.law.stanford.edu/data/878079/000089322007001372/w32716exv10w28xcy.txt,EX-10.28(C),EX-10,text/plain,services,"[""bon ton stores inc"",""saks incorporated""]","[""bon ton stores inc"",""saks incorporated"",""the bon-ton stores inc""]",0,false,true,true,false,false,878079/000089322007001372/w32716exv10w28xcy.txt
2007,QTR2,878079,000089322007001372,BON TON STORES INC,10-K,2007-04-19,https://mcc.law.stanford.edu/data/878079/000089322007001372/w32716exv10w31xby.txt,EX-10.31(B),EX-10,text/plain,services,"[""belk inc"",""bon ton stores inc"",""parisian stores inc"",""saks incorporated""]","[""belk inc"",""bon ton stores inc"",""bon-ton stores inc"",""parisian stores inc"",""saks incorporated""]",0,false,true,false,false,false,878079/000089322007001372/w32716exv10w31xby.txt
2003,QTR2,878612,000090901203000295,INSCI CORP,8-K,2003-04-18,https://mcc.law.stanford.edu/data/878612/000090901203000295/ex10-75.txt,EX-10.75,EX-10,text/plain,services,"[""insci corp"",""insci-statementscom corp"",""selway management inc""]","[""insci corp"",""insci-statementscom corp"",""selway management inc""]",0,false,true,false,false,false,878612/000090901203000295/ex10-75.txt
2001,QTR2,878720,000089843001500356,RIGHT START INC  CA,10-K,2001-05-02,https://mcc.law.stanford.edu/data/878720/000089843001500356/dex1010.txt,EX-10.10,EX-10,text/plain,services,"[""right start inc ca"",""rightstartcom inc"",""rsc"",""trs""]","[""right start inc ca"",""rightstartcom inc"",""rsc"",""trs""]",0,false,true,false,false,false,878720/000089843001500356/dex1010.txt
2001,QTR2,878720,000089843001500356,RIGHT START INC  CA,10-K,2001-05-02,https://mcc.law.stanford.edu/data/878720/000089843001500356/dex1011.txt,EX-10.11,EX-10,text/plain,services,"[""right start inc ca"",""rightstartcom inc"",""rsc"",""trs""]","[""right start inc ca"",""rightstartcom inc"",""rsc"",""trs""]",0,false,true,false,false,false,878720/000089843001500356/dex1011.txt
2001,QTR2,878731,000089155401502347,FINLAY ENTERPRISES INC  DE,10-K,2001-04-30,https://mcc.law.stanford.edu/data/878731/000089155401502347/d25510_ex10-18j.txt,EX-10.18J,EX-10,text/plain,services,"[""bankboston na"",""finlay enterprises inc de"",""finlay fine jewelry corporation"",""fleet national bank"",""rhode island hospital trust national bank"",""sovereign bank""]","[""bankboston na"",""finlay enterprises inc de"",""finlay fine jewelry corporation"",""fleet national bank"",""rhode island hospital trust national bank"",""sovereign bank""]",0,false,true,false,false,false,878731/000089155401502347/d25510_ex10-18j.txt
2001,QTR2,878731,000089155401502347,FINLAY ENTERPRISES INC  DE,10-K,2001-04-30,https://mcc.law.stanford.edu/data/878731/000089155401502347/d25510_ex10-18k.txt,EX-10.18K,EX-10,text/plain,services,"[""bankboston na"",""finlay enterprises inc de"",""finlay fine jewelry corporation"",""fleet national bank"",""rhode island hospital trust national bank"",""sovereign bank""]","[""bankboston na"",""finlay enterprises inc de"",""finlay fine jewelry corporation"",""fleet national bank"",""rhode island hospital trust national bank"",""sovereign bank""]",0,false,true,false,false,false,878731/000089155401502347/d25510_ex10-18k.txt
2002,QTR2,878731,000089155402002500,FINLAY ENTERPRISES INC  DE,10-K,2002-04-29,https://mcc.law.stanford.edu/data/878731/000089155402002500/d50408_ex10-10b.txt,EX-10.10B,EX-10,text/plain,services,"[""desai capital management corporation"",""finlay enterprises inc de"",""finlay fine jewelry corporation""]","[""desai capital management corporation"",""finlay enterprises inc de"",""finlay fine jewelry corporation""]",0,false,true,false,false,false,878731/000089155402002500/d50408_ex10-10b.txt
2002,QTR2,878731,000089155402002500,FINLAY ENTERPRISES INC  DE,10-K,2002-04-29,https://mcc.law.stanford.edu/data/878731/000089155402002500/d50408_ex10-9b.txt,EX-10.9B,EX-10,text/plain,services,"[""finlay enterprises inc de"",""finlay fine jewelry corporation"",""thomas h lee capital llc"",""thomas h lee company""]","[""finlay enterprises inc de"",""finlay fine jewelry corporation"",""thomas h lee capital llc"",""thomas h lee company""]",0,false,true,false,false,false,878731/000089155402002500/d50408_ex10-9b.txt
2000,QTR2,878731,000093041300000946,FINLAY ENTERPRISES INC  DE,10-Q,2000-06-13,https://mcc.law.stanford.edu/data/878731/000093041300000946/0000930413-00-000946-0002.txt,EX-10.1,EX-10,text/plain,services,"[""bankboston na"",""finlay enterprises inc de"",""finlay fine jewelry corporation"",""fleet national bank"",""rhode island hospital trust national bank"",""sovereign bank""]","[""bankboston na"",""finlay enterprises inc de"",""finlay fine jewelry corporation"",""fleet national bank"",""rhode island hospital trust national bank"",""sovereign bank""]",0,false,true,false,false,false,878731/000093041300000946/0000930413-00-000946-0002.txt
2004,QTR2,879465,000089109204002540,DYNTEK INC,10-Q,2004-05-17,https://mcc.law.stanford.edu/data/879465/000089109204002540/e17940ex102.txt,EX-10.2,EX-10,text/plain,services,"[""dsi"",""dyntek inc"",""dyntek services inc"",""young williams p""]","[""di"",""dsi"",""dyntek inc"",""dyntek services inc"",""young williams p"",""yw""]",0,false,true,false,false,true,879465/000089109204002540/e17940ex102.txt
2001,QTR2,879813,000095014801500384,INTERVISUAL BOOKS INC  CA,10-K,2001-04-17,https://mcc.law.stanford.edu/data/879813/000095014801500384/v71234ex10-50.txt,EX-10.50,EX-10,text/plain,services,"[""charles e gates"",""intervisual books inc ca""]","[""and between intervisual books inc"",""charles e gates"",""intervisual books inc ca""]",0,false,true,false,false,false,879813/000095014801500384/v71234ex10-50.txt
2000,QTR2,879993,000095012300006185,DUSA PHARMACEUTICALS INC,8-K,2000-06-29,https://mcc.law.stanford.edu/data/879993/000095012300006185/ex10-1.txt,EX-10.1,EX-10,text/plain,services,"[""dusa pharmaceuticals inc"",""sochinaz sa""]","[""dusa pharmaceuticals inc"",""sochinaz sa""]",0,false,true,false,false,false,879993/000095012300006185/ex10-1.txt
2006,QTR2,879993,000095012306006105,DUSA PHARMACEUTICALS INC,10-Q,2006-05-10,https://mcc.law.stanford.edu/data/879993/000095012306006105/y20867exv10wb.txt,EX-10.B,EX-10,text/plain,services,"[""amide p"",""dusa pharmaceuticals inc"",""sirius laboratories inc""]","[""amide p"",""dusa pharmaceuticals inc"",""sirius laboratories inc""]",0,false,true,false,false,false,879993/000095012306006105/y20867exv10wb.txt
2006,QTR2,879993,000095012306006105,DUSA PHARMACEUTICALS INC,10-Q,2006-05-10,https://mcc.law.stanford.edu/data/879993/000095012306006105/y20867exv10wd.txt,EX-10.D,EX-10,text/plain,services,"[""dusa pharmaceuticals inc"",""sirius laboratories inc""]","[""dusa pharmaceuticals inc"",""sirius laboratories inc""]",0,false,true,false,false,false,879993/000095012306006105/y20867exv10wd.txt
2006,QTR2,879993,000095012306006105,DUSA PHARMACEUTICALS INC,10-Q,2006-05-10,https://mcc.law.stanford.edu/data/879993/000095012306006105/y20867exv10we.txt,EX-10.E,EX-10,text/plain,services,"[""dusa pharmaceuticals inc"",""sirius laboratories inc""]","[""dusa pharmaceuticals inc"",""sirius laboratories inc""]",0,false,true,false,false,false,879993/000095012306006105/y20867exv10we.txt
2003,QTR2,880643,000119380503000383,GENTA INC DE ,10-Q,2003-05-15,https://mcc.law.stanford.edu/data/880643/000119380503000383/e300378_ex10-1.txt,EX-10.1,EX-10,text/plain,services,"[""aventis pharmaceuticals inc"",""genta inc de"",""genta incorporated""]","[""aventis pharmaceuticals inc"",""genta inc de"",""genta incorporated""]",0,false,true,false,false,false,880643/000119380503000383/e300378_ex10-1.txt
2008,QTR2,88121,000008812108000008,SEABOARD CORP  DE ,8-K,2008-06-05,https://mcc.law.stanford.edu/data/88121/000008812108000008/ex10-1.txt,EX-10.1,EX-10,text/plain,services,"[""seaboard corp de"",""seaboard marine ltd""]","[""seaboard corp de"",""seaboard marine ltd""]",0,false,true,true,false,false,88121/000008812108000008/ex10-1.txt
2001,QTR2,881400,000095014401005129,PHYCOR INC  TN ,10-K,2001-04-17,https://mcc.law.stanford.edu/data/881400/000095014401005129/g68354ex10-11.txt,EX-10.11,EX-10,text/plain,services,"[""elmcare"",""elmhurst physician hospital organization llc"",""namm"",""phycor inc tn""]","[""elmcare"",""elmhurst physician hospital organization llc"",""namm"",""north american medical management - illinois inc"",""phycor inc tn""]",0,false,true,false,false,false,881400/000095014401005129/g68354ex10-11.txt
2001,QTR2,881400,000095014401005129,PHYCOR INC  TN ,10-K,2001-04-17,https://mcc.law.stanford.edu/data/881400/000095014401005129/g68354ex10-12.txt,EX-10.12,EX-10,text/plain,services,"[""elmcare"",""elmhurst physician hospital organization llc"",""namm"",""phycor inc tn""]","[""elmcare"",""elmhurst physician hospital organization llc"",""namm"",""north american medical management-illinois inc"",""phycor inc tn""]",0,false,true,false,false,false,881400/000095014401005129/g68354ex10-12.txt
2001,QTR2,881400,000095014401005129,PHYCOR INC  TN ,10-K,2001-04-17,https://mcc.law.stanford.edu/data/881400/000095014401005129/g68354ex10-15.txt,EX-10.15,EX-10,text/plain,services,"[""ingalls provider group"",""namm"",""nhn"",""northwestern healthcare network"",""phycor inc tn""]","[""ingalls provider group"",""namm"",""nhn"",""north american medical management -- illinois inc"",""northwestern healthcare network"",""phycor inc tn""]",0,false,true,false,false,false,881400/000095014401005129/g68354ex10-15.txt
2001,QTR2,881400,000095014401005129,PHYCOR INC  TN ,10-K,2001-04-17,https://mcc.law.stanford.edu/data/881400/000095014401005129/g68354ex10-19.txt,EX-10.19,EX-10,text/plain,services,"[""namm"",""nhn"",""northwestern healthcare network"",""phycor inc tn"",""swedish covenant managed care alliance inc""]","[""namm"",""nhn"",""north american medical management -- illinois inc"",""northwestern healthcare network"",""phycor inc tn"",""swedish covenant managed care alliance inc""]",0,false,true,false,false,false,881400/000095014401005129/g68354ex10-19.txt
2004,QTR2,881524,000107261304000957,VIVUS INC,10-Q,2004-05-07,https://mcc.law.stanford.edu/data/881524/000107261304000957/exhibit10-42a_12617.txt,EX-10.42A,EX-10,text/plain,services,"[""tanabe seiyaku co ltd"",""vivus inc""]","[""tanabe seiyaku co ltd"",""vivus inc""]",0,false,true,false,false,false,881524/000107261304000957/exhibit10-42a_12617.txt
2002,QTR2,881905,000095017202000721,UNITED RETAIL GROUP INC DE,10-K,2002-04-10,https://mcc.law.stanford.edu/data/881905/000095017202000721/ex101.txt,EX-10,EX-10,text/plain,services,"[""united retail group inc de"",""united retail incorporated"",""world financial network national bank""]","[""united retail group inc de"",""united retail incorporated"",""world financial network national bank""]",0,false,true,false,false,false,881905/000095017202000721/ex101.txt
2002,QTR2,881905,000095017202000721,UNITED RETAIL GROUP INC DE,10-K,2002-04-10,https://mcc.law.stanford.edu/data/881905/000095017202000721/ex102.txt,EX-10,EX-10,text/plain,services,"[""united retail group inc de"",""united retail incorporated"",""world financial network national bank""]","[""united retail group inc de"",""united retail incorporated"",""world financial network national bank""]",0,false,true,false,false,false,881905/000095017202000721/ex102.txt
2002,QTR2,881905,000095017202000721,UNITED RETAIL GROUP INC DE,10-K,2002-04-10,https://mcc.law.stanford.edu/data/881905/000095017202000721/ex103.txt,EX-10,EX-10,text/plain,services,"[""united retail group inc de"",""united retail incorporated"",""world financial network national bank""]","[""united retail group inc de"",""united retail incorporated"",""world financial network national bank""]",0,false,true,false,false,false,881905/000095017202000721/ex103.txt
2002,QTR2,883241,000116606302000010,SYNOPSYS INC,10-Q,2002-06-17,https://mcc.law.stanford.edu/data/883241/000116606302000010/exhibit10_1.txt,EX-10,EX-10,text/plain,services,"[""richard newton"",""synopsys inc""]","[""a richard newton"",""synopsys inc""]",0,false,true,true,false,false,883241/000116606302000010/exhibit10_1.txt
2001,QTR2,885741,000095015201502043,GLIATECH INC,10-Q,2001-05-15,https://mcc.law.stanford.edu/data/885741/000095015201502043/l87939aex10-1.txt,EX-10.1,EX-10,text/plain,services,"[""emcm"",""gliatech inc"",""gliatech medical inc""]","[""emcm"",""european medical contract manufacturing"",""gliatech inc"",""gliatech medical inc""]",0,false,true,true,false,false,885741/000095015201502043/l87939aex10-1.txt
2004,QTR2,885975,000095013404007528,CINEMARK USA INC  TX,10-Q,2004-05-14,https://mcc.law.stanford.edu/data/885975/000095013404007528/d15360exv10w2.txt,EX-10.2,EX-10,text/plain,services,"[""alan w stock"",""cinemark usa inc tx""]","[""alan w stock"",""cinemark usa inc tx""]",0,false,true,true,false,false,885975/000095013404007528/d15360exv10w2.txt
2002,QTR2,885988,000088598802000008,INTEGRAMED AMERICA INC,10-K,2002-04-01,https://mcc.law.stanford.edu/data/885988/000088598802000008/exhibit1088d.txt,EX-10,EX-10,text/plain,services,"[""integramed america inc"",""mpd medical associates""]","[""integramed america inc"",""mpd medical associates pc""]",0,false,true,false,false,false,885988/000088598802000008/exhibit1088d.txt
2002,QTR2,885988,000088598802000008,INTEGRAMED AMERICA INC,10-K,2002-04-01,https://mcc.law.stanford.edu/data/885988/000088598802000008/exhibit1098c.txt,EX-10,EX-10,text/plain,services,"[""inmd"",""integramed america inc"",""mpd medical associates""]","[""inmd"",""integramed america inc"",""mpd medical associates"",""pc""]",0,false,true,false,false,false,885988/000088598802000008/exhibit1098c.txt
2005,QTR2,885988,000088598805000064,INTEGRAMED AMERICA INC,10-Q,2005-05-16,https://mcc.law.stanford.edu/data/885988/000088598805000064/exhibit1032a.txt,EX-10,EX-10,text/plain,services,"[""integramed america inc"",""renewable products marketing group llc"",""reproductive partners inc"",""rpi""]","[""integramed america inc"",""reproductive partners inc"",""reproductive partners medical group inc"",""rpi""]",0,false,true,false,false,false,885988/000088598805000064/exhibit1032a.txt
2007,QTR2,885988,000088598807000023,INTEGRAMED AMERICA INC,10-Q,2007-05-11,https://mcc.law.stanford.edu/data/885988/000088598807000023/exhibit1013i.txt,EX-10,EX-10,text/plain,services,"[""integramed america inc"",""shady grove fertility reproductive science center pc""]","[""integramed america inc"",""shady grove fertility reproductive science center pc"",""shady grove fertiltity reproductive science center pc""]",0,false,true,false,false,false,885988/000088598807000023/exhibit1013i.txt
2001,QTR2,886163,000088616301500010,LIGAND PHARMACEUTICALS INC,10-Q,2001-05-07,https://mcc.law.stanford.edu/data/886163/000088616301500010/ligandex10-233.txt,EX-10,EX-10,text/plain,services,"[""ahp"",""american home products corporation"",""ligand pharmaceuticals inc"",""wyeth-ayerst research division""]","[""ahp"",""american home products corporation"",""ligand pharmaceuticals inc"",""ligand pharmaceuticals incorporated"",""wyeth-ayerst research division""]",0,false,true,false,false,false,886163/000088616301500010/ligandex10-233.txt
2001,QTR2,886163,000088616301500010,LIGAND PHARMACEUTICALS INC,10-Q,2001-05-07,https://mcc.law.stanford.edu/data/886163/000088616301500010/ligandex10-234.txt,EX-10,EX-10,text/plain,services,"[""ahp"",""american home products corporation"",""ligand pharmaceuticals inc"",""wyeth-ayerst research division""]","[""ahp"",""american home products corporation"",""ligand pharmaceuticals inc"",""ligand pharmaceuticals incorporated"",""wyeth-ayerst research division""]",0,false,true,false,false,false,886163/000088616301500010/ligandex10-234.txt
2001,QTR2,887023,000095012901001871,TEXAS BIOTECHNOLOGY CORP  DE ,10-K,2001-04-02,https://mcc.law.stanford.edu/data/887023/000095012901001871/h83395ex10-75.txt,EX-10.75,EX-10,text/plain,services,"[""john m pietruski"",""texas biotechnology corporation""]","[""john m pietruski"",""texas biotechnology corp de"",""texas biotechnology corporation""]",0,false,true,false,false,false,887023/000095012901001871/h83395ex10-75.txt
2001,QTR2,887227,000089161801501333,CHOLESTECH CORPORATION,10-K,2001-06-25,https://mcc.law.stanford.edu/data/887227/000089161801501333/f73469ex10-31.txt,EX-10.31,EX-10,text/plain,services,"[""cholestech corporation"",""gmr marketing inc"",""wellcheck inc""]","[""cholestech corporation"",""gmr marketing inc"",""wellcheck inc""]",0,false,true,false,false,false,887227/000089161801501333/f73469ex10-31.txt
2002,QTR2,88948,000008894802000005,SENECA FOODS CORP  NY ,8-K,2002-06-11,https://mcc.law.stanford.edu/data/88948/000008894802000005/ex10-602.txt,EX-10,EX-10,text/plain,services,"[""general mills inc"",""general mills operations llc"",""pillsbury"",""pillsbury company"",""seneca foods corporation""]","[""a pillsbury"",""general mills inc"",""general mills operations inc"",""gmoi"",""pillsbury company"",""seneca foods corp ny"",""seneca foods corporation""]",0,false,true,true,false,false,88948/000008894802000005/ex10-602.txt
2001,QTR2,892112,000092735601500161,RIBOZYME PHARMACEUTICALS INC,10-Q,2001-05-15,https://mcc.law.stanford.edu/data/892112/000092735601500161/dex102.txt,EX-10.2,EX-10,text/plain,services,"[""chiron corp"",""ribozyme pharmaceuticals inc""]","[""chiron corp"",""ribozyme pharmaceuticals inc""]",0,false,true,false,false,false,892112/000092735601500161/dex102.txt
2001,QTR2,894010,000095013101500731,DANKA BUSINESS SYSTEMS PLC,S-4/A,2001-04-17,https://mcc.law.stanford.edu/data/894010/000095013101500731/dex1031.txt,EX-10.31,EX-10,text/plain,services,"[""danka business systems plc"",""general electric capital corporation""]","[""danka business systems plc"",""general electric capital corporation""]",0,false,true,true,false,false,894010/000095013101500731/dex1031.txt
2001,QTR2,894010,000095013101500731,DANKA BUSINESS SYSTEMS PLC,S-4/A,2001-04-17,https://mcc.law.stanford.edu/data/894010/000095013101500731/dex1032.txt,EX-10.32,EX-10,text/plain,services,"[""danka business systems plc"",""ge capital"",""general electric capital corporation""]","[""danka business systems plc"",""ge capital"",""general electric capital corporation""]",0,false,true,true,false,false,894010/000095013101500731/dex1032.txt
2001,QTR2,894010,000095013101501544,DANKA BUSINESS SYSTEMS PLC,S-4/A,2001-05-16,https://mcc.law.stanford.edu/data/894010/000095013101501544/dex1031.txt,EX-10.31,EX-10,text/plain,services,"[""danka business systems plc"",""general electric capital corporation""]","[""danka business systems plc"",""general electric capital corporation""]",0,false,true,true,false,false,894010/000095013101501544/dex1031.txt
2002,QTR2,894010,000102140802008675,DANKA BUSINESS SYSTEMS PLC,10-K,2002-06-21,https://mcc.law.stanford.edu/data/894010/000102140802008675/dex1035.txt,EX-10.35,EX-10,text/plain,services,"[""danka business systems plc"",""danka office imaging company"",""danka oi"",""ge capital"",""general electric capital corporation""]","[""danka business systems plc"",""danka office imaging company"",""danka oi"",""ge capital"",""general electric capital corporation""]",0,false,true,true,false,false,894010/000102140802008675/dex1035.txt
2002,QTR2,8947,000093066102001852,AZZ INC,10-K,2002-05-24,https://mcc.law.stanford.edu/data/8947/000093066102001852/dex1025.txt,EX-10.25,EX-10,text/plain,services,"[""azz inc"",""azz incorporated"",""david h dingus"",""rcg capital markets group inc""]","[""azz inc"",""azz incorporated"",""david h dingus"",""rcg capital markets group inc""]",0,false,true,false,false,false,8947/000093066102001852/dex1025.txt
2003,QTR2,895040,000095012903002669,EL PASO ENERGY PARTNERS LP,8-K,2003-05-13,https://mcc.law.stanford.edu/data/895040/000095012903002669/h05502exv10wa.txt,EX-10.A,EX-10,text/plain,services,"[""deeptech international inc"",""dii"",""el paso energy partners lp"",""epfs"",""gtllc"",""gulfterra energy company llc"",""gulfterra gp holding company""]","[""deeptech international inc"",""dii"",""el paso energy partners lp"",""el paso field services lp"",""epfs"",""gtllc"",""gulfterra energy company llc"",""gulfterra gp holding company""]",0,false,true,false,false,false,895040/000095012903002669/h05502exv10wa.txt
2001,QTR2,895041,000102670001500112,GRILL CONCEPTS INC,8-K,2001-05-18,https://mcc.law.stanford.edu/data/895041/000102670001500112/ex102_8k.txt,EX-10.2,EX-10,text/plain,services,"[""gci"",""grill concepts inc"",""starwood hotels and resorts worldwide inc""]","[""gci"",""grill concepts inc"",""starwood hotels and resorts worldwide inc""]",0,false,true,false,false,false,895041/000102670001500112/ex102_8k.txt
2006,QTR2,895041,000121478206000104,GRILL CONCEPTS INC,8-K,2006-06-26,https://mcc.law.stanford.edu/data/895041/000121478206000104/ex10-1.txt,EX-10.1,EX-10,text/plain,services,"[""gci"",""grill concepts inc"",""starwood hotels and resorts worldwide inc""]","[""gci"",""grill concepts inc"",""starwood hotels and resorts worldwide inc""]",0,false,true,false,false,false,895041/000121478206000104/ex10-1.txt
2001,QTR2,898684,000089155401502345,FINLAY FINE JEWELRY CORP,10-K,2001-04-30,https://mcc.law.stanford.edu/data/898684/000089155401502345/d25554_ex10-18j.txt,EX-10.18J,EX-10,text/plain,services,"[""bankboston na"",""finlay fine jewelry corporation"",""fleet national bank"",""rhode island hospital trust national bank"",""sovereign bank""]","[""bankboston na"",""finlay fine jewelry corp"",""finlay fine jewelry corporation"",""fleet national bank"",""rhode island hospital trust national bank"",""sovereign bank""]",0,false,true,false,false,false,898684/000089155401502345/d25554_ex10-18j.txt
2001,QTR2,898684,000089155401502345,FINLAY FINE JEWELRY CORP,10-K,2001-04-30,https://mcc.law.stanford.edu/data/898684/000089155401502345/d25554_ex10-18k.txt,EX-10.18K,EX-10,text/plain,services,"[""bankboston na"",""finlay fine jewelry corporation"",""fleet national bank"",""rhode island hospital trust national bank"",""sovereign bank""]","[""bankboston na"",""finlay fine jewelry corp"",""finlay fine jewelry corporation"",""fleet national bank"",""rhode island hospital trust national bank"",""sovereign bank""]",0,false,true,false,false,false,898684/000089155401502345/d25554_ex10-18k.txt
2002,QTR2,898684,000089155402002501,FINLAY FINE JEWELRY CORP,10-K,2002-04-29,https://mcc.law.stanford.edu/data/898684/000089155402002501/d50440_ex10-10b.txt,EX-10.10B,EX-10,text/plain,services,"[""desai capital management corporation"",""finlay enterprises inc de"",""finlay fine jewelry corporation""]","[""desai capital management corporation"",""finlay enterprises inc"",""finlay fine jewelry corp"",""finlay fine jewelry corporation""]",0,false,true,false,false,false,898684/000089155402002501/d50440_ex10-10b.txt
2002,QTR2,898684,000089155402002501,FINLAY FINE JEWELRY CORP,10-K,2002-04-29,https://mcc.law.stanford.edu/data/898684/000089155402002501/d50440_ex10-9b.txt,EX-10.9B,EX-10,text/plain,services,"[""finlay enterprises inc de"",""finlay fine jewelry corporation"",""thomas h lee capital llc"",""thomas h lee company""]","[""finlay enterprises inc"",""finlay fine jewelry corp"",""finlay fine jewelry corporation"",""thomas h lee capital llc"",""thomas h lee company""]",0,false,true,false,false,false,898684/000089155402002501/d50440_ex10-9b.txt
2000,QTR2,898684,000093041300000945,FINLAY FINE JEWELRY CORP,10-Q,2000-06-13,https://mcc.law.stanford.edu/data/898684/000093041300000945/0000930413-00-000945-0002.txt,EX-10.1,EX-10,text/plain,services,"[""bankboston na"",""finlay fine jewelry corporation"",""fleet national bank"",""rhode island hospital trust national bank"",""sovereign bank""]","[""bankboston na"",""finlay fine jewelry corp"",""finlay fine jewelry corporation"",""fleet national bank"",""rhode island hospital trust national bank"",""sovereign bank""]",0,false,true,false,false,false,898684/000093041300000945/0000930413-00-000945-0002.txt
2002,QTR2,899281,000091205702012987,SITHE INDEPENDENCE FUNDING CORP,10-K,2002-04-01,https://mcc.law.stanford.edu/data/899281/000091205702012987/a2074499zex-10_834.txt,EX-10.8(34),EX-10,text/plain,services,"[""anr pipeline company"",""sithe independence funding corp"",""sitheindependence power partners lp""]","[""anr pipeline company"",""sithe independence funding corp"",""sithe/independence power partners l p""]",0,false,true,false,false,false,899281/000091205702012987/a2074499zex-10_834.txt
2002,QTR2,899281,000091205702012987,SITHE INDEPENDENCE FUNDING CORP,10-K,2002-04-01,https://mcc.law.stanford.edu/data/899281/000091205702012987/a2074499zex-10_835.txt,EX-10.8(35),EX-10,text/plain,services,"[""anr pipeline company"",""sithe independence funding corp"",""sitheindependence power partners lp""]","[""anr pipeline company"",""sithe independence funding corp"",""sithe/independence power partners l p""]",0,false,true,false,false,false,899281/000091205702012987/a2074499zex-10_835.txt
2006,QTR2,902274,000095015206002923,LIBBEY INC,8-K/A,2006-04-05,https://mcc.law.stanford.edu/data/902274/000095015206002923/l19460cexv10w1.txt,EX-10.1,EX-10,text/plain,services,"[""crisa corporation"",""crisa ltd"",""crisa texas ltd"",""libbey inc"",""vitro sa de cv"",""vitrocrisa comercial s""]","[""crisa corporation"",""crisa ltd"",""crisa texas ltd"",""libbey inc"",""vitro sa de cv"",""vitrocrisa comercial s""]",0,false,true,true,false,false,902274/000095015206002923/l19460cexv10w1.txt
2003,QTR2,904020,000090402003000009,ATLANTIC COAST AIRLINES HOLDINGS INC,10-Q,2003-05-12,https://mcc.law.stanford.edu/data/904020/000090402003000009/kyle.txt,EX-10,EX-10,text/plain,services,"[""atlantic coast airlines holdings inc"",""atlantic coast jet inc"",""delta air lines inc""]","[""atlantic coast airlines holdings inc"",""atlantic coast jet inc"",""delta air lines inc""]",0,false,true,false,false,false,904020/000090402003000009/kyle.txt
2001,QTR2,905722,000090572201500011,HUNTCO INC,10-K,2001-06-18,https://mcc.law.stanford.edu/data/905722/000090572201500011/ima1.txt,EX-10,EX-10,text/plain,services,"[""enron north america corp"",""hsi"",""huntco inc"",""huntco steel inc""]","[""enron north america corp"",""hsi"",""huntco inc"",""huntco steel inc""]",0,false,true,false,false,false,905722/000090572201500011/ima1.txt
2001,QTR2,905722,000090572201500011,HUNTCO INC,10-K,2001-06-18,https://mcc.law.stanford.edu/data/905722/000090572201500011/ima2.txt,EX-10,EX-10,text/plain,services,"[""enron north america corp"",""hsi"",""huntco inc"",""huntco steel inc""]","[""enron north america corp"",""hsi"",""huntco inc"",""huntco steel inc""]",0,false,true,false,false,false,905722/000090572201500011/ima2.txt
2001,QTR2,908139,000090813901500005,AMERICO LIFE INC,10-Q,2001-05-15,https://mcc.law.stanford.edu/data/908139/000090813901500005/exhibit03.txt,EX-2,EX-2,text/plain,services,"[""americo life inc"",""employers reassurance corporation""]","[""americo life inc"",""employers reassurance corporation""]",0,false,true,false,false,false,908139/000090813901500005/exhibit03.txt
2001,QTR2,908139,000090813901500005,AMERICO LIFE INC,10-Q,2001-05-15,https://mcc.law.stanford.edu/data/908139/000090813901500005/exhibit07.txt,EX-10,EX-10,text/plain,services,"[""americo life inc"",""employers reassurance corporation"",""fremont business""]","[""americo life inc"",""employers reassurance corporation"",""fremont business""]",0,false,true,false,false,false,908139/000090813901500005/exhibit07.txt
2002,QTR2,908797,000095013402003473,COHO ENERGY INC,10-K,2002-04-09,https://mcc.law.stanford.edu/data/908797/000095013402003473/d95567ex10-18.txt,EX-10.18,EX-10,text/plain,services,"[""coho"",""coho energy inc"",""coho oil and gas inc"",""tco"",""teppco crude oil llc""]","[""a coho"",""b coho"",""coho energy inc"",""coho oil and gas inc"",""tco"",""teppco crude oil lp""]",0,false,true,false,false,false,908797/000095013402003473/d95567ex10-18.txt
2004,QTR2,909950,000095014404003807,ALLIED HOLDINGS INC,10-K,2004-04-13,https://mcc.law.stanford.edu/data/909950/000095014404003807/g87601exv10w20xay.txt,EX-10.20(A),EX-10,text/plain,services,"[""allied holdings inc"",""ibm"",""international business machines corporation""]","[""allied holdings inc"",""ibm"",""international business machines corporation""]",0,false,true,false,false,false,909950/000095014404003807/g87601exv10w20xay.txt
2005,QTR2,909950,000095014405003952,ALLIED HOLDINGS INC,10-K,2005-04-18,https://mcc.law.stanford.edu/data/909950/000095014405003952/g94220exv10w18.txt,EX-10.18,EX-10,text/plain,services,"[""allied automotive group inc"",""allied holdings inc"",""brad ross"",""general motors corporation"",""hugh sawyer"",""mike odonnell""]","[""allied automotive group inc"",""allied holdings inc"",""brad ross"",""general motors corporation"",""gm"",""hugh sawyer"",""mike o'donnell""]",0,false,true,false,false,false,909950/000095014405003952/g94220exv10w18.txt
2005,QTR2,909950,000095014405003952,ALLIED HOLDINGS INC,10-K,2005-04-18,https://mcc.law.stanford.edu/data/909950/000095014405003952/g94220exv10w19.txt,EX-10.19,EX-10,text/plain,services,"[""allied automotive group inc"",""allied holdings inc"",""cadillac"",""duffy"",""general motors corporation""]","[""allied automotive group inc"",""allied holdings inc"",""cadillac"",""duffy"",""general motors corporation"",""gm""]",0,false,true,false,false,false,909950/000095014405003952/g94220exv10w19.txt
2005,QTR2,909950,000095014405003952,ALLIED HOLDINGS INC,10-K,2005-04-18,https://mcc.law.stanford.edu/data/909950/000095014405003952/g94220exv10w21.txt,EX-10.21,EX-10,text/plain,services,"[""allied automotive group inc"",""allied holdings inc"",""allied systems ltd"",""tommy kirkman"",""toyota motor sales usa inc""]","[""allied automotive group"",""allied holdings inc"",""allied systems ltd"",""tommy kirkman"",""toyota motor sales usa inc""]",0,false,true,false,false,false,909950/000095014405003952/g94220exv10w21.txt
2006,QTR2,909950,000095014406005980,ALLIED HOLDINGS INC,10-K,2006-06-16,https://mcc.law.stanford.edu/data/909950/000095014406005980/g00481exv10w16xcy.txt,EX-10.16(C),EX-10,text/plain,services,"[""allied holdings inc"",""allied systems ltd"",""daimlerchrysler corporation""]","[""allied holdings inc"",""allied systems"",""daimlerchrysler corporation""]",0,false,true,false,false,false,909950/000095014406005980/g00481exv10w16xcy.txt
2006,QTR2,909950,000095014406005980,ALLIED HOLDINGS INC,10-K,2006-06-16,https://mcc.law.stanford.edu/data/909950/000095014406005980/g00481exv10w17xby.txt,EX-10.17(B),EX-10,text/plain,services,"[""allied automotive group inc"",""allied holdings inc"",""general motors corporation""]","[""allied automotive group inc"",""allied holdings inc"",""general motors corporation"",""gm""]",0,false,true,false,false,false,909950/000095014406005980/g00481exv10w17xby.txt
2006,QTR2,909950,000095014406005980,ALLIED HOLDINGS INC,10-K,2006-06-16,https://mcc.law.stanford.edu/data/909950/000095014406005980/g00481exv10w18.txt,EX-10.18,EX-10,text/plain,services,"[""allied holdings inc"",""allied systems ltd"",""american honda motor co inc""]","[""allied holdings inc"",""allied systems ltd"",""american honda motor co inc"",""american honda motor company""]",0,false,true,false,false,false,909950/000095014406005980/g00481exv10w18.txt
2001,QTR2,910079,000091007901500006,BEDFORD PROPERTY INVESTORS INC MD,10-Q,2001-05-04,https://mcc.law.stanford.edu/data/910079/000091007901500006/bpiaex10.txt,EX-10,EX-10,text/plain,services,"[""bedford acquisitions inc"",""bedford property investors inc md"",""bpia"",""westminster holdings inc""]","[""bedford acquisitions inc"",""bedford property investors inc md"",""bpia"",""westminster holdings inc""]",0,false,true,false,false,false,910079/000091007901500006/bpiaex10.txt
2004,QTR2,911147,000091114704000011,CENTURY CASINOS INC  CO ,10-Q,2004-05-14,https://mcc.law.stanford.edu/data/911147/000091114704000011/exhibit10131.txt,EX-10,EX-10,text/plain,services,"[""century casinos inc co"",""flyfish casino consulting ag""]","[""century casinos inc co"",""flyfish casino consulting ag""]",0,false,true,false,false,false,911147/000091114704000011/exhibit10131.txt
2002,QTR2,911216,000108802002000022,PALATIN TECHNOLOGIES INC,10-Q,2002-05-15,https://mcc.law.stanford.edu/data/911216/000108802002000022/exhibit10-1.txt,EX-10,EX-10,text/plain,services,"[""mallinckrodt"",""mallinckrodt inc"",""palatin technologies inc""]","[""a mallinckrodt"",""mallinckrodt inc"",""palatin technologies inc""]",0,false,true,false,false,false,911216/000108802002000022/exhibit10-1.txt
2003,QTR2,911534,000095013003003490,TRUMP MARINA ASSOCIATES LP,S-4,2003-05-01,https://mcc.law.stanford.edu/data/911534/000095013003003490/dex1010.txt,EX-10.10,EX-10,text/plain,services,"[""tlp management services llc"",""trump marina associates llc"",""twenty-nine palms band of luiseno mission indians of california"",""twenty-nine palms enterprises corporation""]","[""thcr management services llc"",""trump marina associates lp"",""twenty-nine palms band of luiseno mission indians of california"",""twenty-nine palms enterprises corporation""]",0,false,true,true,false,false,911534/000095013003003490/dex1010.txt
2003,QTR2,911534,000095013003003490,TRUMP MARINA ASSOCIATES LP,S-4,2003-05-01,https://mcc.law.stanford.edu/data/911534/000095013003003490/dex1012.txt,EX-10.12,EX-10,text/plain,services,"[""trump marina associates llc"",""twenty-nine palms band""]","[""trump marina associates lp"",""twenty-nine palms band""]",0,false,true,false,false,false,911534/000095013003003490/dex1012.txt
2003,QTR2,911534,000095013003003490,TRUMP MARINA ASSOCIATES LP,S-4,2003-05-01,https://mcc.law.stanford.edu/data/911534/000095013003003490/dex103.txt,EX-10.3,EX-10,text/plain,services,"[""taj associates"",""tcs"",""trump casino services llc"",""trump marina associates llc"",""trump plaza associates llc"",""trump taj mahal"",""trumps castle associates""]","[""taj associates"",""tcs"",""trump casino services llc"",""trump marina associates lp"",""trump plaza associates"",""trump taj mahal"",""trump's castle associates lp""]",0,false,true,true,false,false,911534/000095013003003490/dex103.txt
2003,QTR2,911534,000095013003003490,TRUMP MARINA ASSOCIATES LP,S-4,2003-05-01,https://mcc.law.stanford.edu/data/911534/000095013003003490/dex105.txt,EX-10.5,EX-10,text/plain,services,"[""barden-davis casino llc"",""buffington harbor riverboats llc"",""trump indiana inc"",""trump marina associates llc""]","[""barden-davis casino llc"",""buffington harbor riverboats llc"",""trump indiana inc"",""trump marina associates lp""]",0,false,true,true,false,false,911534/000095013003003490/dex105.txt
2003,QTR2,911534,000095013003003490,TRUMP MARINA ASSOCIATES LP,S-4,2003-05-01,https://mcc.law.stanford.edu/data/911534/000095013003003490/dex107.txt,EX-10.7,EX-10,text/plain,services,"[""buffington harbor riverboats llc"",""majestic star casino llc"",""trump indiana inc"",""trump marina associates llc""]","[""buffington harbor riverboats llc"",""majestic star casino llc"",""trump indiana inc"",""trump marina associates lp""]",0,false,true,true,false,false,911534/000095013003003490/dex107.txt
2001,QTR2,912183,000091205701506536,CUBIST PHARMACEUTICALS INC,10-K,2001-04-02,https://mcc.law.stanford.edu/data/912183/000091205701506536/a2042768zex-10_56.txt,EX-10.56,EX-10,text/plain,services,"[""clindev"",""cubist pharmaceuticals inc"",""lessing"",""michael f de bruin""]","[""a lessing"",""clindev"",""cubist pharmaceuticals inc"",""michael f de bruin""]",0,false,true,false,false,false,912183/000091205701506536/a2042768zex-10_56.txt
2001,QTR2,912183,000091205701506536,CUBIST PHARMACEUTICALS INC,10-K,2001-04-02,https://mcc.law.stanford.edu/data/912183/000091205701506536/a2042768zex-10_57.txt,EX-10.57,EX-10,text/plain,services,"[""clindev"",""cubist pharmaceuticals inc"",""lessing"",""michael f de bruin""]","[""a lessing"",""clindev"",""cubist pharmaceuticals inc"",""michael f de bruin""]",0,false,true,false,false,false,912183/000091205701506536/a2042768zex-10_57.txt
2002,QTR2,912908,000095015902000210,FOAMEX INTERNATIONAL INC,10-K,2002-04-01,https://mcc.law.stanford.edu/data/912908/000095015902000210/fxex1018-1.txt,EX-10,EX-10,text/plain,services,"[""foamex asia inc"",""foamex international inc"",""hua kee company limited""]","[""a hua kee company limited"",""b foamex asia inc"",""foamex international inc""]",0,false,true,true,false,false,912908/000095015902000210/fxex1018-1.txt
2001,QTR2,913665,000091366501000010,MOTIENT CORP,10-K,2001-04-02,https://mcc.law.stanford.edu/data/913665/000091366501000010/0000913665-01-000010-0014.txt,EX-10.43A,EX-10,text/plain,services,"[""mobile satellite ventures gp inc"",""motient corp"",""motient services inc"",""newco""]","[""mobile satellite ventures llc"",""motient corp"",""motient services inc"",""newco""]",0,false,true,false,false,false,913665/000091366501000010/0000913665-01-000010-0014.txt
2002,QTR2,913949,000101287002002697,MACROMEDIA INC,10-K,2002-06-12,https://mcc.law.stanford.edu/data/913949/000101287002002697/dex1022.txt,EX-10.22,EX-10,text/plain,services,"[""john giffen"",""macromedia inc""]","[""john (ian) giffen"",""macromedia inc""]",0,false,true,false,false,false,913949/000101287002002697/dex1022.txt
2001,QTR2,915773,000095014401501796,SUMMIT PROPERTIES INC,10-Q,2001-05-10,https://mcc.law.stanford.edu/data/915773/000095014401501796/g69016ex10-2.txt,EX-10.2,EX-10,text/plain,services,"[""first union securities inc"",""jp morgan securities inc"",""merrill lynch and co"",""merrill lynch pierce fenner and smith incorporated"",""morgan stanley and co llc"",""summit properties inc"",""summit properties partnership lp""]","[""first union securities inc"",""jp morgan securities inc"",""merrill lynch and co"",""merrill lynch pierce fenner and smith incorporated"",""morgan stanley and co incorporated"",""summit properties inc"",""summit properties partnership lp""]",0,false,true,false,false,false,915773/000095014401501796/g69016ex10-2.txt
2001,QTR2,915901,000091205701516133,INVERNESS MEDICAL TECHNOLOGY INC DE,10-Q,2001-05-15,https://mcc.law.stanford.edu/data/915901/000091205701516133/a2048392zex-10_1.txt,EX-10.1,EX-10,text/plain,services,"[""inverness medical technology inc de"",""lifescan inc"",""selfcare inc""]","[""inverness medical technology inc de"",""lifescan inc"",""selfcare inc""]",0,false,true,false,false,false,915901/000091205701516133/a2048392zex-10_1.txt
2002,QTR2,916104,000095012402001345,VEMCO INC  MI ,10-K,2002-04-15,https://mcc.law.stanford.edu/data/916104/000095012402001345/k68618ex10-13_3.txt,EX-10.13.3,EX-10,text/plain,services,"[""realven inc"",""vemco inc mi"",""venture heavy machinery limited liability company"",""venture holdings corporation"",""venture industries inc"",""venture real estate inc"",""venture sales and engineering corp""]","[""realven inc"",""vemco inc mi"",""venture heavy machinery limited liability company"",""venture holdings corporation"",""venture industries corporation"",""venture real estate inc"",""venture sales and engineering corp""]",0,false,true,false,false,false,916104/000095012402001345/k68618ex10-13_3.txt
2002,QTR2,916365,000095014402005220,TRACTOR SUPPLY CO  DE ,10-Q,2002-05-13,https://mcc.law.stanford.edu/data/916365/000095014402005220/g76225ex10-62.txt,EX-10.62,EX-10,text/plain,services,"[""great american group inc"",""quality stores inc"",""tractor supply co de"",""tractor supply company"",""tsc""]","[""great american group"",""quality stores inc"",""tractor supply co de"",""tractor supply company"",""tsc""]",0,false,true,false,false,false,916365/000095014402005220/g76225ex10-62.txt
2002,QTR2,916365,000095014402005220,TRACTOR SUPPLY CO  DE ,10-Q,2002-05-13,https://mcc.law.stanford.edu/data/916365/000095014402005220/g76225ex10-63.txt,EX-10.63,EX-10,text/plain,services,"[""great american group inc"",""quality stores inc"",""tractor supply co de"",""tractor supply company"",""tsc""]","[""great american group"",""quality stores inc"",""tractor supply co de"",""tractor supply company"",""tsc""]",0,false,true,false,false,false,916365/000095014402005220/g76225ex10-63.txt
2002,QTR2,916365,000095014402005220,TRACTOR SUPPLY CO  DE ,10-Q,2002-05-13,https://mcc.law.stanford.edu/data/916365/000095014402005220/g76225ex10-64.txt,EX-10.64,EX-10,text/plain,services,"[""great american group inc"",""quality stores inc"",""tractor supply co de"",""tractor supply company"",""tsc""]","[""great american group"",""quality stores inc"",""tractor supply co de"",""tractor supply company"",""tsc""]",0,false,true,false,false,false,916365/000095014402005220/g76225ex10-64.txt
2002,QTR2,917464,000095013402006515,EOTT ENERGY PARTNERS LP,10-K,2002-05-31,https://mcc.law.stanford.edu/data/917464/000095013402006515/d97278exv10w26.txt,EX-10.26,EX-10,text/plain,services,"[""eott energy operating limited"",""eott energy partners lp"",""koch petroleum group lp""]","[""eott energy operating limited"",""eott energy partners lp"",""koch petroleum group lp""]",0,false,true,false,false,false,917464/000095013402006515/d97278exv10w26.txt
2004,QTR2,918646,000095013404008774,EAGLE MATERIALS INC,10-K,2004-06-14,https://mcc.law.stanford.edu/data/918646/000095013404008774/d15917exv10w7.txt,EX-10.7,EX-10,text/plain,services,"[""centex construction products inc"",""centex service company"",""eagle materials inc""]","[""centex construction products inc"",""centex service company"",""eagle materials inc""]",0,false,true,true,false,false,918646/000095013404008774/d15917exv10w7.txt
2007,QTR2,918946,000095013707006997,BRIGHTPOINT INC,10-Q,2007-05-08,https://mcc.law.stanford.edu/data/918946/000095013707006997/c15003exv10w1.txt,EX-10.1,EX-10,text/plain,services,"[""brightpoint inc"",""brightpoint north america inc"",""nokia inc""]","[""brightpoint inc"",""brightpoint north america lp"",""nokia inc""]",0,false,true,false,false,false,918946/000095013707006997/c15003exv10w1.txt
2001,QTR2,920052,000095014401004619,RENAL CARE GROUP INC,10-K,2001-04-02,https://mcc.law.stanford.edu/data/920052/000095014401004619/g68135ex10-33.txt,EX-10.33,EX-10,text/plain,services,"[""amgen inc"",""renal care group inc""]","[""amgen inc"",""renal care group inc""]",0,false,true,false,false,false,920052/000095014401004619/g68135ex10-33.txt
2002,QTR2,922204,000093066102001163,RF MONOLITHICS INC  DE ,10-Q,2002-04-12,https://mcc.law.stanford.edu/data/922204/000093066102001163/dex1067.txt,EX-10.67,EX-10,text/plain,services,"[""rf monolithics inc de"",""tai-saw technology co ltd""]","[""rf monolithics inc de"",""tai-saw technology co ltd""]",0,false,true,false,false,false,922204/000093066102001163/dex1067.txt
2003,QTR2,923808,000095013703002921,MACC PRIVATE EQUITIES INC,10-Q,2003-05-14,https://mcc.law.stanford.edu/data/923808/000095013703002921/c77171exv10w1wd.txt,EX-10.1.D,EX-10,text/plain,services,"[""investamerica investment advisors inc"",""macc private equities inc""]","[""investamerica investment advisors inc"",""macc private equities inc""]",0,false,true,false,false,false,923808/000095013703002921/c77171exv10w1wd.txt
2003,QTR2,923808,000095013703002921,MACC PRIVATE EQUITIES INC,10-Q,2003-05-14,https://mcc.law.stanford.edu/data/923808/000095013703002921/c77171exv10w2wc.txt,EX-10.2.C,EX-10,text/plain,services,"[""investamerica investment advisors inc"",""macc private equities inc"",""moramerica capital corporation""]","[""investamerica investment advisors inc"",""macc private equities inc"",""moramerica capital corporation""]",0,false,true,false,false,false,923808/000095013703002921/c77171exv10w2wc.txt
2002,QTR2,924174,000095013402003798,CORAM HEALTHCARE CORP,10-K,2002-04-15,https://mcc.law.stanford.edu/data/924174/000095013402003798/d95594ex10-71.txt,EX-10.71,EX-10,text/plain,services,"[""baxter healthcare corporation"",""coram healthcare corporation"",""coram inc"",""frank geiger""]","[""baxter healthcare corporation"",""coram healthcare corp"",""coram inc"",""frank geiger""]",0,false,true,false,false,false,924174/000095013402003798/d95594ex10-71.txt
2002,QTR2,924174,000095013402003798,CORAM HEALTHCARE CORP,10-K,2002-04-15,https://mcc.law.stanford.edu/data/924174/000095013402003798/d95594ex10-72.txt,EX-10.72,EX-10,text/plain,services,"[""baxter healthcare corporation"",""coram healthcare corporation"",""coram inc"",""facility""]","[""baxter healthcare corporation"",""coram healthcare corp"",""coram inc"",""facility""]",0,false,true,false,false,false,924174/000095013402003798/d95594ex10-72.txt
2003,QTR2,924174,000103570403000227,CORAM HEALTHCARE CORP,10-K,2003-04-15,https://mcc.law.stanford.edu/data/924174/000103570403000227/d04489exv10w80.txt,EX-10.80,EX-10,text/plain,services,"[""baxter healthcare corporation"",""coram healthcare corporation"",""coram inc""]","[""baxter healthcare corporation"",""coram healthcare corp"",""coram inc""]",0,false,true,false,false,false,924174/000103570403000227/d04489exv10w80.txt
2003,QTR2,924174,000103570403000324,CORAM HEALTHCARE CORP,10-K/A,2003-05-20,https://mcc.law.stanford.edu/data/924174/000103570403000324/d06164a1exv10w80.txt,EX-10.80,EX-10,text/plain,services,"[""baxter healthcare corporation"",""coram healthcare corporation"",""coram inc""]","[""baxter healthcare corporation"",""coram healthcare corp"",""coram inc""]",0,false,true,false,false,false,924174/000103570403000324/d06164a1exv10w80.txt
2004,QTR2,924174,000103570404000159,CORAM HEALTHCARE CORP,10-K,2004-04-14,https://mcc.law.stanford.edu/data/924174/000103570404000159/d13234exv10w113.txt,EX-10.113,EX-10,text/plain,services,"[""cardinal health inc"",""coram healthcare corporation""]","[""cardinal health"",""coram healthcare corp"",""coram healthcare corporation""]",0,false,true,false,false,false,924174/000103570404000159/d13234exv10w113.txt
2002,QTR2,924386,000092438602000005,RIDGEWOOD ELECTRIC POWER TRUST I,10-K,2002-04-15,https://mcc.law.stanford.edu/data/924386/000092438602000005/gas-bre.txt,EX-10,EX-10,text/plain,services,"[""brea power partners lp"",""gsf energy llc"",""ridgewood electric power trust v"",""ridgewood olinda llc"",""ridgewood power management llc""]","[""brea power partners lp"",""gsf energy llc"",""ridgewood electric power trust i"",""ridgewood olinda llc"",""ridgewood power management llc""]",0,false,true,true,false,false,924386/000092438602000005/gas-bre.txt
2002,QTR2,925054,000095000502000418,SPECTRIAN CORP  CA ,8-K,2002-04-11,https://mcc.law.stanford.edu/data/925054/000095000502000418/p15265_ex10-48.txt,EX-10.48.2,EX-10,text/plain,services,"[""cree inc"",""spectrian"",""spectrian corp ca"",""spectrian corporation"",""ultrarf inc"",""zoltar acquisition inc""]","[""a spectrian"",""cree inc"",""spectrian corp ca"",""spectrian corporation"",""ultrarf inc"",""zoltar acquisition inc""]",0,false,true,false,false,false,925054/000095000502000418/p15265_ex10-48.txt
2001,QTR2,925263,000091412101500105,WITTER DEAN SPECTRUM STRATEGIC LP,8-K,2001-04-25,https://mcc.law.stanford.edu/data/925263/000091412101500105/mo558414_ex10-01.txt,EX-10.01,EX-10,text/plain,services,"[""blenheim investments inc"",""demeter management corporation"",""morgan stanley dean witter spectrum strategic lp"",""witter dean spectrum strategic lp""]","[""blenheim investments inc"",""demeter management corporation"",""morgan stanley dean witter spectrum strategic lp"",""witter dean spectrum strategic lp""]",0,false,true,false,false,false,925263/000091412101500105/mo558414_ex10-01.txt
2006,QTR2,925306,000091412106002103,MORGAN STANLEY  SPECTRUM TECHNICAL LP,8-K,2006-06-19,https://mcc.law.stanford.edu/data/925306/000091412106002103/ms767326-ex10_02b.txt,EX-10.02(B),EX-10,text/plain,services,"[""campbell and company inc"",""dean witter spectrum technical l"",""demeter management corporation"",""morgan stanley spectrum technical lp""]","[""campebll and company inc"",""dean witter spectrum technical lp"",""demeter management corporation"",""morgan stanley spectrum technical lp""]",0,false,true,false,false,false,925306/000091412106002103/ms767326-ex10_02b.txt
2000,QTR2,925660,000102317500000121,FLEXPOINT SENSOR SYSTEMS INC,8-K,2000-06-02,https://mcc.law.stanford.edu/data/925660/000102317500000121/0001023175-00-000121-0002.txt,EX-10,EX-10,text/plain,services,"[""delco electronics corporation"",""delphi automotive systems corporation"",""flexpoint inc"",""flexpoint sensor systems inc""]","[""delco electronics corporation"",""delphi automotive systems llc"",""flexpoint inc"",""flexpoint sensor systems inc""]",0,false,true,false,false,false,925660/000102317500000121/0001023175-00-000121-0002.txt
2004,QTR2,927314,000090951804000455,BUILDING MATERIALS CORP OF AMERICA,10-Q,2004-05-19,https://mcc.law.stanford.edu/data/927314/000090951804000455/mv5-14ex10_1.txt,EX-10,EX-10,text/plain,services,"[""building materials corporation"",""g-i holdings inc"",""gaf broadcasting com"",""international specialty holdings inc"",""international specialty products inc"",""ish"",""isp investco llc"",""isp synthetic elastomers llc"",""merick inc"",""of america""]","[""building materials corp of america"",""g-i holdings inc"",""gaf broadcasting com"",""international specialty holdings inc"",""international specialty products inc"",""ish"",""isp investco llc"",""isp synthetic elastomers lp"",""merick inc""]",0,false,true,true,false,false,927314/000090951804000455/mv5-14ex10_1.txt
2003,QTR2,927314,000115730303000007,BUILDING MATERIALS CORP OF AMERICA,10-Q,2003-05-13,https://mcc.law.stanford.edu/data/927314/000115730303000007/bmca10qq12003ex101.txt,EX-10,EX-10,text/plain,services,"[""building materials corporation"",""g-i holdings inc"",""gaf broadcastin"",""international specialty products inc"",""isp investco llc"",""mdc holdings inc"",""merick inc"",""of america""]","[""building materials corp of america"",""g-i holdings inc"",""gaf broadcastin"",""gaf building materials corporation"",""international specialty products inc"",""isp holdings inc"",""isp investco llc"",""merick inc""]",0,false,true,true,false,false,927314/000115730303000007/bmca10qq12003ex101.txt
2004,QTR2,928340,000095014404003858,CONSOLIDATED WATER CO LTD,10-K,2004-04-14,https://mcc.law.stanford.edu/data/928340/000095014404003858/g88198exv10w43.txt,EX-10.43,EX-10,text/plain,services,"[""campbell corporate services limited"",""consolidated water co ltd"",""desalco limited"",""dweer technology ltd""]","[""campbell corporate services limited"",""consolidated water co ltd"",""desalco limited"",""dweer technology ltd""]",0,false,true,false,false,false,928340/000095014404003858/g88198exv10w43.txt
2002,QTR2,928659,000093066102001924,TELETOUCH COMMUNICATIONS INC,8-K,2002-06-03,https://mcc.law.stanford.edu/data/928659/000093066102001924/dex108.txt,EX-10.8,EX-10,text/plain,services,"[""beepers plus of memphis inc"",""beepers plus of nashville inc"",""teletouch communications inc"",""teletouch licenses inc""]","[""beepers plus of memphis inc"",""beepers plus of nashville inc"",""teletouch communications inc"",""teletouch licenses inc""]",0,false,true,true,false,false,928659/000093066102001924/dex108.txt
2001,QTR2,928908,000095013701501288,FLORSHEIM GROUP INC,10-Q,2001-05-08,https://mcc.law.stanford.edu/data/928908/000095013701501288/c62153ex10-2.txt,EX-10.2,EX-10,text/plain,services,"[""apollo advisors"",""florsheim group inc"",""the florsheim shoe company""]","[""apollo advisors lp"",""florsheim group inc"",""the florsheim shoe company""]",0,false,true,false,false,false,928908/000095013701501288/c62153ex10-2.txt
2005,QTR2,929757,000095014405005614,T NETIX INC,S-4,2005-05-16,https://mcc.law.stanford.edu/data/929757/000095014405005614/g93674exv10w3.txt,EX-10.3,EX-10,text/plain,services,"[""esi"",""evercom systems inc"",""hig capital llc"",""t netix inc"",""t-netix inc""]","[""esi"",""evercom systems inc"",""hig capital llc"",""t netix inc"",""t-netix inc""]",0,false,true,true,false,false,929757/000095014405005614/g93674exv10w3.txt
2005,QTR2,929757,000095014405005614,T NETIX INC,S-4,2005-05-16,https://mcc.law.stanford.edu/data/929757/000095014405005614/g93674exv10w4.txt,EX-10.4,EX-10,text/plain,services,"[""esi"",""evercom systems inc"",""hig capital llc"",""t netix inc"",""t-netix inc""]","[""esi"",""evercom systems inc"",""hig capital llc"",""t netix inc"",""t-netix inc""]",0,false,true,true,false,false,929757/000095014405005614/g93674exv10w4.txt
2001,QTR2,930835,000091205701505993,EDISON MISSION ENERGY,10-K,2001-04-02,https://mcc.law.stanford.edu/data/930835/000091205701505993/a2042986zex-10_871.txt,EX-10.87-1,EX-10,text/plain,services,"[""commonwealth edison co"",""edison mission energy"",""midwest generation llc collins""]","[""commonwealth edison company"",""edison mission energy"",""midwest generation llc collins""]",0,false,true,false,false,false,930835/000091205701505993/a2042986zex-10_871.txt
2001,QTR2,930835,000091205701505993,EDISON MISSION ENERGY,10-K,2001-04-02,https://mcc.law.stanford.edu/data/930835/000091205701505993/a2042986zex-10_872.txt,EX-10.87-2,EX-10,text/plain,services,"[""commonwealth edison co"",""edison mission energy"",""midwest generation llc"",""station""]","[""commonwealth edison company"",""edison mission energy"",""midwest generation"",""station""]",0,false,true,true,false,false,930835/000091205701505993/a2042986zex-10_872.txt
2001,QTR2,931948,000103570401500030,STILLWATER MINING CO  DE ,10-Q,2001-04-20,https://mcc.law.stanford.edu/data/931948/000103570401500030/d86345ex10-1.txt,EX-10.1,EX-10,text/plain,services,"[""ford motor company"",""smc"",""stillwater mining co de"",""stillwater mining company""]","[""ford motor company"",""smc"",""stillwater mining co de"",""stillwater mining company""]",0,false,true,false,false,false,931948/000103570401500030/d86345ex10-1.txt
2001,QTR2,931948,000103570401500030,STILLWATER MINING CO  DE ,10-Q,2001-04-20,https://mcc.law.stanford.edu/data/931948/000103570401500030/d86345ex10-2.txt,EX-10.2,EX-10,text/plain,services,"[""mitsubishi corporation"",""smc"",""stillwater mining co de"",""stillwater mining company""]","[""mitsubishi corporation"",""smc"",""stillwater mining co de"",""stillwater mining company""]",0,false,true,false,false,false,931948/000103570401500030/d86345ex10-2.txt
2002,QTR2,932064,000095013502001833,RSA SECURITY INC DE ,10-K,2002-04-01,https://mcc.law.stanford.edu/data/932064/000095013502001833/b41874rsex10-16.txt,EX-10.16,EX-10,text/plain,services,"[""progress software corp ma"",""rsa security inc de""]","[""progress software corporation"",""rsa security inc de""]",0,false,true,false,false,false,932064/000095013502001833/b41874rsex10-16.txt
2007,QTR2,934377,000137943407000098,BANC OF AMERICA FUNDING CORP,8-K,2007-05-15,https://mcc.law.stanford.edu/data/934377/000137943407000098/ex10_5a.txt,EX-10,EX-10,text/plain,services,"[""banc of america funding corporation"",""banc of america mortgage capital corporation"",""bank of america na"",""washington mutual bank""]","[""banc of america funding corp"",""banc of america mortgage capital corporation"",""bank of america na"",""washington mutual bank""]",0,false,true,true,false,false,934377/000137943407000098/ex10_5a.txt
2002,QTR2,935066,000095010902001834,SHELLS SEAFOOD RESTAURANTS INC,10-K,2002-04-01,https://mcc.law.stanford.edu/data/935066/000095010902001834/dex1050.txt,EX-10.50,EX-10,text/plain,services,"[""shells of sarasota south inc"",""shells seafood restaurants inc""]","[""shells of sarasota south inc"",""shells seafood restaurants inc""]",0,false,true,false,false,false,935066/000095010902001834/dex1050.txt
2002,QTR2,935066,000095010902001834,SHELLS SEAFOOD RESTAURANTS INC,10-K,2002-04-01,https://mcc.law.stanford.edu/data/935066/000095010902001834/dex1051.txt,EX-10.51,EX-10,text/plain,services,"[""shells of north tampa inc"",""shells seafood restaurants inc""]","[""shells of north tampa inc"",""shells seafood restaurants inc""]",0,false,true,false,false,false,935066/000095010902001834/dex1051.txt
2002,QTR2,935066,000095010902001834,SHELLS SEAFOOD RESTAURANTS INC,10-K,2002-04-01,https://mcc.law.stanford.edu/data/935066/000095010902001834/dex1052.txt,EX-10.52,EX-10,text/plain,services,"[""shells of carrollwood village inc"",""shells seafood restaurants inc""]","[""shells of carrollwood village inc"",""shells seafood restaurants inc""]",0,false,true,false,false,false,935066/000095010902001834/dex1052.txt
2001,QTR2,940298,000091205701506558,MANUFACTURERS SERVICES LTD,10-K,2001-04-02,https://mcc.law.stanford.edu/data/940298/000091205701506558/a2043295zex-10_29.txt,EX-10.29,EX-10,text/plain,services,"[""3com corporation"",""manufacturers services ltd"",""msslo"",""salt lake city operations inc""]","[""3com corporation"",""manufacturers services ltd"",""msslo"",""salt lake city operations inc""]",0,false,true,false,false,false,940298/000091205701506558/a2043295zex-10_29.txt
2005,QTR2,941625,000094162505000020,DYNAMOTIVE ENERGY SYSTEMS CORP,20-F,2005-05-31,https://mcc.law.stanford.edu/data/941625/000094162505000020/exhibit45tpc.txt,EX-2,EX-2,text/plain,services,"[""dynamotive energy systems corporation"",""dynamotive technologies corporation""]","[""dynamotive energy systems corp"",""dynamotive energy systems corporation"",""dynamotive technologies corporation""]",0,false,true,false,false,false,941625/000094162505000020/exhibit45tpc.txt
2001,QTR2,941775,000103221001500337,DATA CRITICAL CORP,8-K,2001-04-12,https://mcc.law.stanford.edu/data/941775/000103221001500337/dex101.txt,EX-10.1,EX-10,text/plain,services,"[""cfo data critical corporation"",""data critical corporation"",""medtronic physio-control corp"",""medtroniccom"",""michael singer"",""physiocontrolcom""]","[""cfo data critical corporation"",""data critical corp"",""medtronic physio-control corp"",""medtroniccom"",""michael singer"",""physiocontrolcom""]",0,false,true,false,false,false,941775/000103221001500337/dex101.txt
2005,QTR2,944948,000117091805000335,TARRANT APPAREL GROUP,10-Q,2005-05-16,https://mcc.law.stanford.edu/data/944948/000117091805000335/ex10-18_2.txt,EX-10,EX-10,text/plain,services,"[""federated department stores inc de"",""federated merchandising group"",""fmg"",""macys merchandising group llc"",""mmg"",""private brands inc"",""tarrant apparel group""]","[""federated department stores inc"",""federated merchandising group"",""fmg"",""macy's merchandising group llc"",""mmg"",""pb"",""private brands inc"",""tarrant apparel group""]",0,false,true,false,false,false,944948/000117091805000335/ex10-18_2.txt
2001,QTR2,946822,000089907801500014,PREFERRED VOICE INC,8-K,2001-04-30,https://mcc.law.stanford.edu/data/946822/000089907801500014/exhibit102a.txt,EX-10,EX-10,text/plain,services,"[""carrier"",""preferred voice inc"",""pvi""]","[""carrier"",""preferred voice inc"",""pvi""]",0,false,true,false,false,false,946822/000089907801500014/exhibit102a.txt
2001,QTR2,947268,000095013401500387,WEBLINK WIRELESS INC,10-K,2001-04-17,https://mcc.law.stanford.edu/data/947268/000095013401500387/d86189ex10-32.txt,EX-10.32,EX-10,text/plain,services,"[""bellsouth cellular corporation"",""pagemart wireless inc"",""weblink wireless inc""]","[""bellsouth cellular corporation"",""pagemart wireless inc"",""weblink wireless inc""]",0,false,true,false,false,false,947268/000095013401500387/d86189ex10-32.txt
2002,QTR2,947268,000095013402003842,WEBLINK WIRELESS INC,10-K,2002-04-16,https://mcc.law.stanford.edu/data/947268/000095013402003842/d95474kex10-3.txt,EX-10.3,EX-10,text/plain,services,"[""itcd systems inc"",""itcdeltacom communications inc"",""weblink wireless inc""]","[""itc deltacom communications inc"",""itcd systems inc"",""weblink wireless inc""]",0,false,true,true,false,false,947268/000095013402003842/d95474kex10-3.txt
2002,QTR2,948545,000094854502000012,TALK AMERICA,10-K,2002-04-01,https://mcc.law.stanford.edu/data/948545/000094854502000012/doc4.txt,EX-10.63,EX-10,text/plain,services,"[""ameritech michigan"",""clec"",""talk america"",""talkcom holding inc""]","[""ameritech michigan"",""clec"",""talk america"",""talkcom holding corp""]",0,false,true,false,false,false,948545/000094854502000012/doc4.txt
2001,QTR2,948545,000100515001000307,TALK COM,10-K,2001-04-02,https://mcc.law.stanford.edu/data/948545/000100515001000307/0001005150-01-000307-0013.txt,EX-10.47,EX-10,text/plain,services,"[""bellsouth telecommunications inc"",""talk com"",""talkcom holding inc""]","[""bellsouth telecommunications inc"",""talk com"",""talkcom holding corp""]",0,false,true,false,false,false,948545/000100515001000307/0001005150-01-000307-0013.txt
2007,QTR2,949870,000095013507003045,BOSTON BEER CO INC,10-Q,2007-05-10,https://mcc.law.stanford.edu/data/949870/000095013507003045/b65196bbexv10w55.txt,EX-10.55,EX-10,text/plain,services,"[""boston beer co inc"",""boston beer corporation"",""city brewing company llc""]","[""boston beer co inc"",""boston beer corporation"",""city brewing company llc""]",0,false,true,true,false,false,949870/000095013507003045/b65196bbexv10w55.txt
2003,QTR2,949874,000091476003000082,YOUNG INNOVATIONS INC,10-Q,2003-05-08,https://mcc.law.stanford.edu/data/949874/000091476003000082/y48794_x992q103.txt,EX-10.2,EX-10,text/plain,services,"[""george e richmond"",""ger consulting inc"",""young innovations inc""]","[""george e richmond"",""ger consulting inc"",""young innovations inc""]",0,false,true,false,false,false,949874/000091476003000082/y48794_x992q103.txt
2003,QTR2,949956,000089161803001786,VERITY INC  DE ,10-Q,2003-04-10,https://mcc.law.stanford.edu/data/949956/000089161803001786/f89145exv10w42.txt,EX-10.42,EX-10,text/plain,services,"[""charles p waite jr"",""regent pacific management corporation"",""steven m krausz"",""verity inc de""]","[""charles p waite jr"",""regent pacific management corporation"",""steven m krausz"",""verity inc de""]",0,false,true,false,false,false,949956/000089161803001786/f89145exv10w42.txt
2007,QTR2,98246,000009824607000135,TIFFANY   CO,8-K,2007-06-06,https://mcc.law.stanford.edu/data/98246/000009824607000135/ex_101-28a.txt,EX-10,EX-10,text/plain,services,"[""japan inc"",""mitsukoshi limited"",""tiffany and co"",""tiffany co"",""tiffany-japan""]","[""mitsukoshi limited"",""tiffany and co japan inc"",""tiffany co"",""tiffany-japan""]",0,false,true,false,false,false,98246/000009824607000135/ex_101-28a.txt
2006,QTR2,99106,000009910606000011,TRANS LUX CORP,10-K,2006-04-17,https://mcc.law.stanford.edu/data/99106/000009910606000011/movingimg05.txt,EX-10.6,EX-10,text/plain,services,"[""david brandt"",""moving images llc"",""trans lux corp""]","[""david brandt"",""moving images llc"",""trans lux corp""]",0,false,true,false,false,false,99106/000009910606000011/movingimg05.txt
2007,QTR2,99106,000009910607000013,TRANS LUX CORP,10-Q,2007-05-18,https://mcc.law.stanford.edu/data/99106/000009910607000013/movingimages.txt,EX-10.1,EX-10,text/plain,services,"[""david brandt"",""moving images llc"",""tlx"",""trans lux corp"",""trans-lux corporation""]","[""david brandt"",""moving images llc"",""tlx"",""trans lux corp"",""trans-lux corporation""]",0,false,true,false,false,false,99106/000009910607000013/movingimages.txt
